county,precinct,office,district,party,candidate,absentee,election_day,votes
Ionia,Berlin Township Precinct 1,President,,REP,Mark Sanford,3,0,3
Ionia,Berlin Township Precinct 1,President,,REP,Donald J. Trump,146,0,146
Ionia,Berlin Township Precinct 1,President,,REP,Joe Walsh,3,0,3
Ionia,Berlin Township Precinct 1,President,,REP,Bill Weld,2,0,2
Ionia,Berlin Township Precinct 1,President,,REP,Uncommitted,6,0,6
Ionia,Berlin Township Precinct 1,Ballots Cast,,Republican Party,,160,0,160
Ionia,Berlin Township Precinct 1,President,,REP,Undervotes,0,0,0
Ionia,Berlin Township Precinct 1,President,,REP,Overvotes,0,0,0
Ionia,Berlin Township Precinct 1,President,,DEM,Michael Bennet,1,0,1
Ionia,Berlin Township Precinct 1,President,,DEM,Joe Biden,111,0,111
Ionia,Berlin Township Precinct 1,President,,DEM,Michael R. Bloomberg,10,0,10
Ionia,Berlin Township Precinct 1,President,,DEM,Cory Booker,0,0,0
Ionia,Berlin Township Precinct 1,President,,DEM,Pete Buttigieg,6,0,6
Ionia,Berlin Township Precinct 1,President,,DEM,Julian Castro,0,0,0
Ionia,Berlin Township Precinct 1,President,,DEM,John Delaney,0,0,0
Ionia,Berlin Township Precinct 1,President,,DEM,Tulsi Gabbard,1,0,1
Ionia,Berlin Township Precinct 1,President,,DEM,Amy Klobuchar,2,0,2
Ionia,Berlin Township Precinct 1,President,,DEM,Bernie Sanders,66,0,66
Ionia,Berlin Township Precinct 1,President,,DEM,Joe Sestak,0,0,0
Ionia,Berlin Township Precinct 1,President,,DEM,Tom Steyer,0,0,0
Ionia,Berlin Township Precinct 1,President,,DEM,Elizabeth Warren,0,0,0
Ionia,Berlin Township Precinct 1,President,,DEM,Marianne Williamson,0,0,0
Ionia,Berlin Township Precinct 1,President,,DEM,Andrew Yang,0,0,0
Ionia,Berlin Township Precinct 1,President,,DEM,Uncommitted,2,0,2
Ionia,Berlin Township Precinct 1,President,,DEM,Undervotes,0,0,0
Ionia,Berlin Township Precinct 1,President,,DEM,Overvotes,0,0,0
Ionia,Boston Township Precinct 1,President,,REP,Mark Sanford,1,0,1
Ionia,Boston Township Precinct 1,President,,REP,Donald J. Trump,151,0,151
Ionia,Boston Township Precinct 1,President,,REP,Joe Walsh,1,0,1
Ionia,Boston Township Precinct 1,President,,REP,Bill Weld,0,0,0
Ionia,Boston Township Precinct 1,President,,REP,Uncommitted,8,0,8
Ionia,Boston Township Precinct 1,Ballots Cast,,Republican Party,,161,0,161
Ionia,Boston Township Precinct 1,President,,REP,Undervotes,1,0,1
Ionia,Boston Township Precinct 1,President,,REP,Overvotes,0,0,0
Ionia,Boston Township Precinct 1,President,,DEM,Michael Bennet,0,0,0
Ionia,Boston Township Precinct 1,President,,DEM,Joe Biden,127,0,127
Ionia,Boston Township Precinct 1,President,,DEM,Michael R. Bloomberg,7,0,7
Ionia,Boston Township Precinct 1,President,,DEM,Cory Booker,0,0,0
Ionia,Boston Township Precinct 1,President,,DEM,Pete Buttigieg,6,0,6
Ionia,Boston Township Precinct 1,President,,DEM,Julian Castro,0,0,0
Ionia,Boston Township Precinct 1,President,,DEM,John Delaney,0,0,0
Ionia,Boston Township Precinct 1,President,,DEM,Tulsi Gabbard,0,0,0
Ionia,Boston Township Precinct 1,President,,DEM,Amy Klobuchar,3,0,3
Ionia,Boston Township Precinct 1,President,,DEM,Bernie Sanders,82,0,82
Ionia,Boston Township Precinct 1,President,,DEM,Joe Sestak,0,0,0
Ionia,Boston Township Precinct 1,President,,DEM,Tom Steyer,0,0,0
Ionia,Boston Township Precinct 1,President,,DEM,Elizabeth Warren,5,0,5
Ionia,Boston Township Precinct 1,President,,DEM,Marianne Williamson,0,0,0
Ionia,Boston Township Precinct 1,President,,DEM,Andrew Yang,0,0,0
Ionia,Boston Township Precinct 1,President,,DEM,Uncommitted,1,0,1
Ionia,Boston Township Precinct 1,President,,DEM,Undervotes,0,0,0
Ionia,Boston Township Precinct 1,President,,DEM,Overvotes,0,0,0
Ionia,Boston Township Precinct 2,President,,REP,Mark Sanford,0,0,0
Ionia,Boston Township Precinct 2,President,,REP,Donald J. Trump,139,0,139
Ionia,Boston Township Precinct 2,President,,REP,Joe Walsh,0,0,0
Ionia,Boston Township Precinct 2,President,,REP,Bill Weld,3,0,3
Ionia,Boston Township Precinct 2,President,,REP,Uncommitted,1,0,1
Ionia,Boston Township Precinct 2,Ballots Cast,,Republican Party,,143,0,143
Ionia,Boston Township Precinct 2,President,,REP,Undervotes,1,0,1
Ionia,Boston Township Precinct 2,President,,REP,Overvotes,0,0,0
Ionia,Boston Township Precinct 2,President,,DEM,Michael Bennet,0,0,0
Ionia,Boston Township Precinct 2,President,,DEM,Joe Biden,86,0,86
Ionia,Boston Township Precinct 2,President,,DEM,Michael R. Bloomberg,10,0,10
Ionia,Boston Township Precinct 2,President,,DEM,Cory Booker,0,0,0
Ionia,Boston Township Precinct 2,President,,DEM,Pete Buttigieg,1,0,1
Ionia,Boston Township Precinct 2,President,,DEM,Julian Castro,0,0,0
Ionia,Boston Township Precinct 2,President,,DEM,John Delaney,0,0,0
Ionia,Boston Township Precinct 2,President,,DEM,Tulsi Gabbard,1,0,1
Ionia,Boston Township Precinct 2,President,,DEM,Amy Klobuchar,1,0,1
Ionia,Boston Township Precinct 2,President,,DEM,Bernie Sanders,71,0,71
Ionia,Boston Township Precinct 2,President,,DEM,Joe Sestak,0,0,0
Ionia,Boston Township Precinct 2,President,,DEM,Tom Steyer,0,0,0
Ionia,Boston Township Precinct 2,President,,DEM,Elizabeth Warren,0,0,0
Ionia,Boston Township Precinct 2,President,,DEM,Marianne Williamson,3,0,3
Ionia,Boston Township Precinct 2,President,,DEM,Andrew Yang,0,0,0
Ionia,Boston Township Precinct 2,President,,DEM,Uncommitted,2,0,2
Ionia,Boston Township Precinct 2,President,,DEM,Undervotes,0,0,0
Ionia,Boston Township Precinct 2,President,,DEM,Overvotes,1,0,1
Ionia,Boston Township Precinct 3,President,,REP,Mark Sanford,1,0,1
Ionia,Boston Township Precinct 3,President,,REP,Donald J. Trump,116,0,116
Ionia,Boston Township Precinct 3,President,,REP,Joe Walsh,1,0,1
Ionia,Boston Township Precinct 3,President,,REP,Bill Weld,2,0,2
Ionia,Boston Township Precinct 3,President,,REP,Uncommitted,6,0,6
Ionia,Boston Township Precinct 3,Ballots Cast,,Republican Party,,126,0,126
Ionia,Boston Township Precinct 3,President,,REP,Undervotes,0,0,0
Ionia,Boston Township Precinct 3,President,,REP,Overvotes,0,0,0
Ionia,Boston Township Precinct 3,President,,DEM,Michael Bennet,0,0,0
Ionia,Boston Township Precinct 3,President,,DEM,Joe Biden,84,0,84
Ionia,Boston Township Precinct 3,President,,DEM,Michael R. Bloomberg,3,0,3
Ionia,Boston Township Precinct 3,President,,DEM,Cory Booker,0,0,0
Ionia,Boston Township Precinct 3,President,,DEM,Pete Buttigieg,2,0,2
Ionia,Boston Township Precinct 3,President,,DEM,Julian Castro,0,0,0
Ionia,Boston Township Precinct 3,President,,DEM,John Delaney,0,0,0
Ionia,Boston Township Precinct 3,President,,DEM,Tulsi Gabbard,3,0,3
Ionia,Boston Township Precinct 3,President,,DEM,Amy Klobuchar,2,0,2
Ionia,Boston Township Precinct 3,President,,DEM,Bernie Sanders,81,0,81
Ionia,Boston Township Precinct 3,President,,DEM,Joe Sestak,0,0,0
Ionia,Boston Township Precinct 3,President,,DEM,Tom Steyer,0,0,0
Ionia,Boston Township Precinct 3,President,,DEM,Elizabeth Warren,4,0,4
Ionia,Boston Township Precinct 3,President,,DEM,Marianne Williamson,0,0,0
Ionia,Boston Township Precinct 3,President,,DEM,Andrew Yang,0,0,0
Ionia,Boston Township Precinct 3,President,,DEM,Uncommitted,4,0,4
Ionia,Boston Township Precinct 3,President,,DEM,Undervotes,0,0,0
Ionia,Boston Township Precinct 3,President,,DEM,Overvotes,0,0,0
Ionia,Campbell Township Precinct 1,President,,REP,Mark Sanford,2,0,2
Ionia,Campbell Township Precinct 1,President,,REP,Donald J. Trump,181,0,181
Ionia,Campbell Township Precinct 1,President,,REP,Joe Walsh,1,0,1
Ionia,Campbell Township Precinct 1,President,,REP,Bill Weld,0,0,0
Ionia,Campbell Township Precinct 1,President,,REP,Uncommitted,5,0,5
Ionia,Campbell Township Precinct 1,Ballots Cast,,Republican Party,,189,0,189
Ionia,Campbell Township Precinct 1,President,,REP,Undervotes,0,0,0
Ionia,Campbell Township Precinct 1,President,,REP,Overvotes,0,0,0
Ionia,Campbell Township Precinct 1,President,,DEM,Michael Bennet,0,0,0
Ionia,Campbell Township Precinct 1,President,,DEM,Joe Biden,104,0,104
Ionia,Campbell Township Precinct 1,President,,DEM,Michael R. Bloomberg,5,0,5
Ionia,Campbell Township Precinct 1,President,,DEM,Cory Booker,0,0,0
Ionia,Campbell Township Precinct 1,President,,DEM,Pete Buttigieg,0,0,0
Ionia,Campbell Township Precinct 1,President,,DEM,Julian Castro,0,0,0
Ionia,Campbell Township Precinct 1,President,,DEM,John Delaney,0,0,0
Ionia,Campbell Township Precinct 1,President,,DEM,Tulsi Gabbard,3,0,3
Ionia,Campbell Township Precinct 1,President,,DEM,Amy Klobuchar,0,0,0
Ionia,Campbell Township Precinct 1,President,,DEM,Bernie Sanders,74,0,74
Ionia,Campbell Township Precinct 1,President,,DEM,Joe Sestak,0,0,0
Ionia,Campbell Township Precinct 1,President,,DEM,Tom Steyer,0,0,0
Ionia,Campbell Township Precinct 1,President,,DEM,Elizabeth Warren,0,0,0
Ionia,Campbell Township Precinct 1,President,,DEM,Marianne Williamson,0,0,0
Ionia,Campbell Township Precinct 1,President,,DEM,Andrew Yang,0,0,0
Ionia,Campbell Township Precinct 1,President,,DEM,Uncommitted,1,0,1
Ionia,Campbell Township Precinct 1,President,,DEM,Undervotes,0,0,0
Ionia,Campbell Township Precinct 1,President,,DEM,Overvotes,0,0,0
Ionia,Danby Township Precinct 1,President,,REP,Mark Sanford,0,0,0
Ionia,Danby Township Precinct 1,President,,REP,Donald J. Trump,219,0,219
Ionia,Danby Township Precinct 1,President,,REP,Joe Walsh,2,0,2
Ionia,Danby Township Precinct 1,President,,REP,Bill Weld,1,0,1
Ionia,Danby Township Precinct 1,President,,REP,Uncommitted,12,0,12
Ionia,Danby Township Precinct 1,Ballots Cast,,Republican Party,,234,0,234
Ionia,Danby Township Precinct 1,President,,REP,Undervotes,0,0,0
Ionia,Danby Township Precinct 1,President,,REP,Overvotes,0,0,0
Ionia,Danby Township Precinct 1,President,,DEM,Michael Bennet,0,0,0
Ionia,Danby Township Precinct 1,President,,DEM,Joe Biden,190,0,190
Ionia,Danby Township Precinct 1,President,,DEM,Michael R. Bloomberg,10,0,10
Ionia,Danby Township Precinct 1,President,,DEM,Cory Booker,0,0,0
Ionia,Danby Township Precinct 1,President,,DEM,Pete Buttigieg,7,0,7
Ionia,Danby Township Precinct 1,President,,DEM,Julian Castro,0,0,0
Ionia,Danby Township Precinct 1,President,,DEM,John Delaney,0,0,0
Ionia,Danby Township Precinct 1,President,,DEM,Tulsi Gabbard,3,0,3
Ionia,Danby Township Precinct 1,President,,DEM,Amy Klobuchar,2,0,2
Ionia,Danby Township Precinct 1,President,,DEM,Bernie Sanders,91,0,91
Ionia,Danby Township Precinct 1,President,,DEM,Joe Sestak,1,0,1
Ionia,Danby Township Precinct 1,President,,DEM,Tom Steyer,0,0,0
Ionia,Danby Township Precinct 1,President,,DEM,Elizabeth Warren,6,0,6
Ionia,Danby Township Precinct 1,President,,DEM,Marianne Williamson,1,0,1
Ionia,Danby Township Precinct 1,President,,DEM,Andrew Yang,0,0,0
Ionia,Danby Township Precinct 1,President,,DEM,Uncommitted,8,0,8
Ionia,Danby Township Precinct 1,President,,DEM,Undervotes,0,0,0
Ionia,Danby Township Precinct 1,President,,DEM,Overvotes,1,0,1
Ionia,Danby Township Precinct 1,PORTLAND PUBLIC SCHOOLS OPERATING MILLAGE RENEWAL PROPOSAL,,NON,YES,393,0,393
Ionia,Danby Township Precinct 1,PORTLAND PUBLIC SCHOOLS OPERATING MILLAGE RENEWAL PROPOSAL,,NON,NO,130,0,130
Ionia,Danby Township Precinct 1,Ballots Cast,,NON,,523,0,523
Ionia,Danby Township Precinct 1,PORTLAND PUBLIC SCHOOLS OPERATING MILLAGE RENEWAL PROPOSAL,,NON,Undervotes,9,0,9
Ionia,Danby Township Precinct 1,PORTLAND PUBLIC SCHOOLS OPERATING MILLAGE RENEWAL PROPOSAL,,NON,Overvotes,0,0,0
Ionia,Easton Township Precinct 1,President,,REP,Mark Sanford,1,0,1
Ionia,Easton Township Precinct 1,President,,REP,Donald J. Trump,101,0,101
Ionia,Easton Township Precinct 1,President,,REP,Joe Walsh,0,0,0
Ionia,Easton Township Precinct 1,President,,REP,Bill Weld,1,0,1
Ionia,Easton Township Precinct 1,President,,REP,Uncommitted,3,0,3
Ionia,Easton Township Precinct 1,Ballots Cast,,Republican Party,,106,0,106
Ionia,Easton Township Precinct 1,President,,REP,Undervotes,0,0,0
Ionia,Easton Township Precinct 1,President,,REP,Overvotes,0,0,0
Ionia,Easton Township Precinct 1,President,,DEM,Michael Bennet,0,0,0
Ionia,Easton Township Precinct 1,President,,DEM,Joe Biden,82,0,82
Ionia,Easton Township Precinct 1,President,,DEM,Michael R. Bloomberg,8,0,8
Ionia,Easton Township Precinct 1,President,,DEM,Cory Booker,0,0,0
Ionia,Easton Township Precinct 1,President,,DEM,Pete Buttigieg,0,0,0
Ionia,Easton Township Precinct 1,President,,DEM,Julian Castro,0,0,0
Ionia,Easton Township Precinct 1,President,,DEM,John Delaney,0,0,0
Ionia,Easton Township Precinct 1,President,,DEM,Tulsi Gabbard,0,0,0
Ionia,Easton Township Precinct 1,President,,DEM,Amy Klobuchar,0,0,0
Ionia,Easton Township Precinct 1,President,,DEM,Bernie Sanders,42,0,42
Ionia,Easton Township Precinct 1,President,,DEM,Joe Sestak,0,0,0
Ionia,Easton Township Precinct 1,President,,DEM,Tom Steyer,0,0,0
Ionia,Easton Township Precinct 1,President,,DEM,Elizabeth Warren,0,0,0
Ionia,Easton Township Precinct 1,President,,DEM,Marianne Williamson,0,0,0
Ionia,Easton Township Precinct 1,President,,DEM,Andrew Yang,0,0,0
Ionia,Easton Township Precinct 1,President,,DEM,Uncommitted,0,0,0
Ionia,Easton Township Precinct 1,President,,DEM,Undervotes,0,0,0
Ionia,Easton Township Precinct 1,President,,DEM,Overvotes,0,0,0
Ionia,Easton Township Precinct 2,President,,REP,Mark Sanford,0,0,0
Ionia,Easton Township Precinct 2,President,,REP,Donald J. Trump,100,0,100
Ionia,Easton Township Precinct 2,President,,REP,Joe Walsh,1,0,1
Ionia,Easton Township Precinct 2,President,,REP,Bill Weld,4,0,4
Ionia,Easton Township Precinct 2,President,,REP,Uncommitted,3,0,3
Ionia,Easton Township Precinct 2,Ballots Cast,,Republican Party,,108,0,108
Ionia,Easton Township Precinct 2,President,,REP,Undervotes,1,0,1
Ionia,Easton Township Precinct 2,President,,REP,Overvotes,0,0,0
Ionia,Easton Township Precinct 2,President,,DEM,Michael Bennet,0,0,0
Ionia,Easton Township Precinct 2,President,,DEM,Joe Biden,112,0,112
Ionia,Easton Township Precinct 2,President,,DEM,Michael R. Bloomberg,12,0,12
Ionia,Easton Township Precinct 2,President,,DEM,Cory Booker,0,0,0
Ionia,Easton Township Precinct 2,President,,DEM,Pete Buttigieg,4,0,4
Ionia,Easton Township Precinct 2,President,,DEM,Julian Castro,0,0,0
Ionia,Easton Township Precinct 2,President,,DEM,John Delaney,0,0,0
Ionia,Easton Township Precinct 2,President,,DEM,Tulsi Gabbard,0,0,0
Ionia,Easton Township Precinct 2,President,,DEM,Amy Klobuchar,0,0,0
Ionia,Easton Township Precinct 2,President,,DEM,Bernie Sanders,38,0,38
Ionia,Easton Township Precinct 2,President,,DEM,Joe Sestak,0,0,0
Ionia,Easton Township Precinct 2,President,,DEM,Tom Steyer,0,0,0
Ionia,Easton Township Precinct 2,President,,DEM,Elizabeth Warren,0,0,0
Ionia,Easton Township Precinct 2,President,,DEM,Marianne Williamson,0,0,0
Ionia,Easton Township Precinct 2,President,,DEM,Andrew Yang,0,0,0
Ionia,Easton Township Precinct 2,President,,DEM,Uncommitted,2,0,2
Ionia,Easton Township Precinct 2,President,,DEM,Undervotes,0,0,0
Ionia,Easton Township Precinct 2,President,,DEM,Overvotes,0,0,0
Ionia,Ionia Township Precinct 1,President,,REP,Mark Sanford,2,0,2
Ionia,Ionia Township Precinct 1,President,,REP,Donald J. Trump,196,0,196
Ionia,Ionia Township Precinct 1,President,,REP,Joe Walsh,0,0,0
Ionia,Ionia Township Precinct 1,President,,REP,Bill Weld,2,0,2
Ionia,Ionia Township Precinct 1,President,,REP,Uncommitted,4,0,4
Ionia,Ionia Township Precinct 1,Ballots Cast,,Republican Party,,204,0,204
Ionia,Ionia Township Precinct 1,President,,REP,Undervotes,0,0,0
Ionia,Ionia Township Precinct 1,President,,REP,Overvotes,0,0,0
Ionia,Ionia Township Precinct 1,President,,DEM,Michael Bennet,1,0,1
Ionia,Ionia Township Precinct 1,President,,DEM,Joe Biden,173,0,173
Ionia,Ionia Township Precinct 1,President,,DEM,Michael R. Bloomberg,7,0,7
Ionia,Ionia Township Precinct 1,President,,DEM,Cory Booker,0,0,0
Ionia,Ionia Township Precinct 1,President,,DEM,Pete Buttigieg,0,0,0
Ionia,Ionia Township Precinct 1,President,,DEM,Julian Castro,0,0,0
Ionia,Ionia Township Precinct 1,President,,DEM,John Delaney,0,0,0
Ionia,Ionia Township Precinct 1,President,,DEM,Tulsi Gabbard,0,0,0
Ionia,Ionia Township Precinct 1,President,,DEM,Amy Klobuchar,1,0,1
Ionia,Ionia Township Precinct 1,President,,DEM,Bernie Sanders,143,0,143
Ionia,Ionia Township Precinct 1,President,,DEM,Joe Sestak,0,0,0
Ionia,Ionia Township Precinct 1,President,,DEM,Tom Steyer,0,0,0
Ionia,Ionia Township Precinct 1,President,,DEM,Elizabeth Warren,3,0,3
Ionia,Ionia Township Precinct 1,President,,DEM,Marianne Williamson,0,0,0
Ionia,Ionia Township Precinct 1,President,,DEM,Andrew Yang,0,0,0
Ionia,Ionia Township Precinct 1,President,,DEM,Uncommitted,4,0,4
Ionia,Ionia Township Precinct 1,President,,DEM,Undervotes,0,0,0
Ionia,Ionia Township Precinct 1,President,,DEM,Overvotes,0,0,0
Ionia,Keene Township Precinct 1,President,,REP,Mark Sanford,1,0,1
Ionia,Keene Township Precinct 1,President,,REP,Donald J. Trump,142,0,142
Ionia,Keene Township Precinct 1,President,,REP,Joe Walsh,1,0,1
Ionia,Keene Township Precinct 1,President,,REP,Bill Weld,1,0,1
Ionia,Keene Township Precinct 1,President,,REP,Uncommitted,5,0,5
Ionia,Keene Township Precinct 1,Ballots Cast,,Republican Party,,150,0,150
Ionia,Keene Township Precinct 1,President,,REP,Undervotes,0,0,0
Ionia,Keene Township Precinct 1,President,,REP,Overvotes,0,0,0
Ionia,Keene Township Precinct 1,President,,DEM,Michael Bennet,0,0,0
Ionia,Keene Township Precinct 1,President,,DEM,Joe Biden,79,0,79
Ionia,Keene Township Precinct 1,President,,DEM,Michael R. Bloomberg,7,0,7
Ionia,Keene Township Precinct 1,President,,DEM,Cory Booker,0,0,0
Ionia,Keene Township Precinct 1,President,,DEM,Pete Buttigieg,4,0,4
Ionia,Keene Township Precinct 1,President,,DEM,Julian Castro,0,0,0
Ionia,Keene Township Precinct 1,President,,DEM,John Delaney,0,0,0
Ionia,Keene Township Precinct 1,President,,DEM,Tulsi Gabbard,0,0,0
Ionia,Keene Township Precinct 1,President,,DEM,Amy Klobuchar,0,0,0
Ionia,Keene Township Precinct 1,President,,DEM,Bernie Sanders,77,0,77
Ionia,Keene Township Precinct 1,President,,DEM,Joe Sestak,1,0,1
Ionia,Keene Township Precinct 1,President,,DEM,Tom Steyer,1,0,1
Ionia,Keene Township Precinct 1,President,,DEM,Elizabeth Warren,4,0,4
Ionia,Keene Township Precinct 1,President,,DEM,Marianne Williamson,0,0,0
Ionia,Keene Township Precinct 1,President,,DEM,Andrew Yang,0,0,0
Ionia,Keene Township Precinct 1,President,,DEM,Uncommitted,2,0,2
Ionia,Keene Township Precinct 1,President,,DEM,Undervotes,0,0,0
Ionia,Keene Township Precinct 1,President,,DEM,Overvotes,1,0,1
Ionia,Lyons Township Precinct 1,President,,REP,Mark Sanford,3,0,3
Ionia,Lyons Township Precinct 1,President,,REP,Donald J. Trump,62,0,62
Ionia,Lyons Township Precinct 1,President,,REP,Joe Walsh,0,0,0
Ionia,Lyons Township Precinct 1,President,,REP,Bill Weld,2,0,2
Ionia,Lyons Township Precinct 1,President,,REP,Uncommitted,3,0,3
Ionia,Lyons Township Precinct 1,Ballots Cast,,Republican Party,,70,0,70
Ionia,Lyons Township Precinct 1,President,,REP,Undervotes,1,0,1
Ionia,Lyons Township Precinct 1,President,,REP,Overvotes,0,0,0
Ionia,Lyons Township Precinct 1,President,,DEM,Michael Bennet,0,0,0
Ionia,Lyons Township Precinct 1,President,,DEM,Joe Biden,73,0,73
Ionia,Lyons Township Precinct 1,President,,DEM,Michael R. Bloomberg,9,0,9
Ionia,Lyons Township Precinct 1,President,,DEM,Cory Booker,0,0,0
Ionia,Lyons Township Precinct 1,President,,DEM,Pete Buttigieg,2,0,2
Ionia,Lyons Township Precinct 1,President,,DEM,Julian Castro,0,0,0
Ionia,Lyons Township Precinct 1,President,,DEM,John Delaney,0,0,0
Ionia,Lyons Township Precinct 1,President,,DEM,Tulsi Gabbard,2,0,2
Ionia,Lyons Township Precinct 1,President,,DEM,Amy Klobuchar,2,0,2
Ionia,Lyons Township Precinct 1,President,,DEM,Bernie Sanders,42,0,42
Ionia,Lyons Township Precinct 1,President,,DEM,Joe Sestak,0,0,0
Ionia,Lyons Township Precinct 1,President,,DEM,Tom Steyer,0,0,0
Ionia,Lyons Township Precinct 1,President,,DEM,Elizabeth Warren,3,0,3
Ionia,Lyons Township Precinct 1,President,,DEM,Marianne Williamson,0,0,0
Ionia,Lyons Township Precinct 1,President,,DEM,Andrew Yang,1,0,1
Ionia,Lyons Township Precinct 1,President,,DEM,Uncommitted,0,0,0
Ionia,Lyons Township Precinct 1,President,,DEM,Undervotes,0,0,0
Ionia,Lyons Township Precinct 1,President,,DEM,Overvotes,0,0,0
Ionia,Lyons Township Precinct 1,PORTLAND PUBLIC SCHOOLS OPERATING MILLAGE RENEWAL PROPOSAL,,NON,YES,13,0,13
Ionia,Lyons Township Precinct 1,PORTLAND PUBLIC SCHOOLS OPERATING MILLAGE RENEWAL PROPOSAL,,NON,NO,1,0,1
Ionia,Lyons Township Precinct 1,Ballots Cast,,NON,,14,0,14
Ionia,Lyons Township Precinct 1,PORTLAND PUBLIC SCHOOLS OPERATING MILLAGE RENEWAL PROPOSAL,,NON,Undervotes,1,0,1
Ionia,Lyons Township Precinct 1,PORTLAND PUBLIC SCHOOLS OPERATING MILLAGE RENEWAL PROPOSAL,,NON,Overvotes,0,0,0
Ionia,Lyons Township Precinct 1,PEWAMO-WESTPHALIA COMMUNITY SCHOOLS OPERATING MILLAGE RENEWAL PROPOSAL,,NON,YES,0,0,0
Ionia,Lyons Township Precinct 1,PEWAMO-WESTPHALIA COMMUNITY SCHOOLS OPERATING MILLAGE RENEWAL PROPOSAL,,NON,NO,0,0,0
Ionia,Lyons Township Precinct 1,PEWAMO-WESTPHALIA COMMUNITY SCHOOLS OPERATING MILLAGE RENEWAL PROPOSAL,,NON,Undervotes,0,0,0
Ionia,Lyons Township Precinct 1,PEWAMO-WESTPHALIA COMMUNITY SCHOOLS OPERATING MILLAGE RENEWAL PROPOSAL,,NON,Overvotes,0,0,0
Ionia,Lyons Township Precinct 2,President,,REP,Mark Sanford,0,0,0
Ionia,Lyons Township Precinct 2,President,,REP,Donald J. Trump,105,0,105
Ionia,Lyons Township Precinct 2,President,,REP,Joe Walsh,0,0,0
Ionia,Lyons Township Precinct 2,President,,REP,Bill Weld,3,0,3
Ionia,Lyons Township Precinct 2,President,,REP,Uncommitted,9,0,9
Ionia,Lyons Township Precinct 2,Ballots Cast,,Republican Party,,117,0,117
Ionia,Lyons Township Precinct 2,President,,REP,Undervotes,1,0,1
Ionia,Lyons Township Precinct 2,President,,REP,Overvotes,0,0,0
Ionia,Lyons Township Precinct 2,President,,DEM,Michael Bennet,0,0,0
Ionia,Lyons Township Precinct 2,President,,DEM,Joe Biden,56,0,56
Ionia,Lyons Township Precinct 2,President,,DEM,Michael R. Bloomberg,11,0,11
Ionia,Lyons Township Precinct 2,President,,DEM,Cory Booker,0,0,0
Ionia,Lyons Township Precinct 2,President,,DEM,Pete Buttigieg,0,0,0
Ionia,Lyons Township Precinct 2,President,,DEM,Julian Castro,0,0,0
Ionia,Lyons Township Precinct 2,President,,DEM,John Delaney,0,0,0
Ionia,Lyons Township Precinct 2,President,,DEM,Tulsi Gabbard,0,0,0
Ionia,Lyons Township Precinct 2,President,,DEM,Amy Klobuchar,0,0,0
Ionia,Lyons Township Precinct 2,President,,DEM,Bernie Sanders,23,0,23
Ionia,Lyons Township Precinct 2,President,,DEM,Joe Sestak,0,0,0
Ionia,Lyons Township Precinct 2,President,,DEM,Tom Steyer,0,0,0
Ionia,Lyons Township Precinct 2,President,,DEM,Elizabeth Warren,1,0,1
Ionia,Lyons Township Precinct 2,President,,DEM,Marianne Williamson,0,0,0
Ionia,Lyons Township Precinct 2,President,,DEM,Andrew Yang,0,0,0
Ionia,Lyons Township Precinct 2,President,,DEM,Uncommitted,1,0,1
Ionia,Lyons Township Precinct 2,President,,DEM,Undervotes,2,0,2
Ionia,Lyons Township Precinct 2,President,,DEM,Overvotes,0,0,0
Ionia,Lyons Township Precinct 2,PORTLAND PUBLIC SCHOOLS OPERATING MILLAGE RENEWAL PROPOSAL,,NON,YES,3,0,3
Ionia,Lyons Township Precinct 2,PORTLAND PUBLIC SCHOOLS OPERATING MILLAGE RENEWAL PROPOSAL,,NON,NO,0,0,0
Ionia,Lyons Township Precinct 2,Ballots Cast,,NON,,3,0,3
Ionia,Lyons Township Precinct 2,PORTLAND PUBLIC SCHOOLS OPERATING MILLAGE RENEWAL PROPOSAL,,NON,Undervotes,0,0,0
Ionia,Lyons Township Precinct 2,PORTLAND PUBLIC SCHOOLS OPERATING MILLAGE RENEWAL PROPOSAL,,NON,Overvotes,0,0,0
Ionia,Lyons Township Precinct 2,PEWAMO-WESTPHALIA COMMUNITY SCHOOLS OPERATING MILLAGE RENEWAL PROPOSAL,,NON,YES,183,0,183
Ionia,Lyons Township Precinct 2,PEWAMO-WESTPHALIA COMMUNITY SCHOOLS OPERATING MILLAGE RENEWAL PROPOSAL,,NON,NO,29,0,29
Ionia,Lyons Township Precinct 2,PEWAMO-WESTPHALIA COMMUNITY SCHOOLS OPERATING MILLAGE RENEWAL PROPOSAL,,NON,Undervotes,5,0,5
Ionia,Lyons Township Precinct 2,PEWAMO-WESTPHALIA COMMUNITY SCHOOLS OPERATING MILLAGE RENEWAL PROPOSAL,,NON,Overvotes,0,0,0
Ionia,Lyons Township Precinct 3,President,,REP,Mark Sanford,2,0,2
Ionia,Lyons Township Precinct 3,President,,REP,Donald J. Trump,56,0,56
Ionia,Lyons Township Precinct 3,President,,REP,Joe Walsh,0,0,0
Ionia,Lyons Township Precinct 3,President,,REP,Bill Weld,0,0,0
Ionia,Lyons Township Precinct 3,President,,REP,Uncommitted,2,0,2
Ionia,Lyons Township Precinct 3,Ballots Cast,,Republican Party,,60,0,60
Ionia,Lyons Township Precinct 3,President,,REP,Undervotes,1,0,1
Ionia,Lyons Township Precinct 3,President,,REP,Overvotes,0,0,0
Ionia,Lyons Township Precinct 3,President,,DEM,Michael Bennet,0,0,0
Ionia,Lyons Township Precinct 3,President,,DEM,Joe Biden,42,0,42
Ionia,Lyons Township Precinct 3,President,,DEM,Michael R. Bloomberg,1,0,1
Ionia,Lyons Township Precinct 3,President,,DEM,Cory Booker,0,0,0
Ionia,Lyons Township Precinct 3,President,,DEM,Pete Buttigieg,0,0,0
Ionia,Lyons Township Precinct 3,President,,DEM,Julian Castro,0,0,0
Ionia,Lyons Township Precinct 3,President,,DEM,John Delaney,0,0,0
Ionia,Lyons Township Precinct 3,President,,DEM,Tulsi Gabbard,0,0,0
Ionia,Lyons Township Precinct 3,President,,DEM,Amy Klobuchar,0,0,0
Ionia,Lyons Township Precinct 3,President,,DEM,Bernie Sanders,43,0,43
Ionia,Lyons Township Precinct 3,President,,DEM,Joe Sestak,0,0,0
Ionia,Lyons Township Precinct 3,President,,DEM,Tom Steyer,0,0,0
Ionia,Lyons Township Precinct 3,President,,DEM,Elizabeth Warren,1,0,1
Ionia,Lyons Township Precinct 3,President,,DEM,Marianne Williamson,0,0,0
Ionia,Lyons Township Precinct 3,President,,DEM,Andrew Yang,0,0,0
Ionia,Lyons Township Precinct 3,President,,DEM,Uncommitted,1,0,1
Ionia,Lyons Township Precinct 3,President,,DEM,Undervotes,0,0,0
Ionia,Lyons Township Precinct 3,President,,DEM,Overvotes,0,0,0
Ionia,North Plains Township Precinct 1,President,,REP,Mark Sanford,1,0,1
Ionia,North Plains Township Precinct 1,President,,REP,Donald J. Trump,64,0,64
Ionia,North Plains Township Precinct 1,President,,REP,Joe Walsh,2,0,2
Ionia,North Plains Township Precinct 1,President,,REP,Bill Weld,0,0,0
Ionia,North Plains Township Precinct 1,President,,REP,Uncommitted,3,0,3
Ionia,North Plains Township Precinct 1,Ballots Cast,,Republican Party,,70,0,70
Ionia,North Plains Township Precinct 1,President,,REP,Undervotes,0,0,0
Ionia,North Plains Township Precinct 1,President,,REP,Overvotes,0,0,0
Ionia,North Plains Township Precinct 1,President,,DEM,Michael Bennet,0,0,0
Ionia,North Plains Township Precinct 1,President,,DEM,Joe Biden,54,0,54
Ionia,North Plains Township Precinct 1,President,,DEM,Michael R. Bloomberg,1,0,1
Ionia,North Plains Township Precinct 1,President,,DEM,Cory Booker,0,0,0
Ionia,North Plains Township Precinct 1,President,,DEM,Pete Buttigieg,0,0,0
Ionia,North Plains Township Precinct 1,President,,DEM,Julian Castro,0,0,0
Ionia,North Plains Township Precinct 1,President,,DEM,John Delaney,0,0,0
Ionia,North Plains Township Precinct 1,President,,DEM,Tulsi Gabbard,1,0,1
Ionia,North Plains Township Precinct 1,President,,DEM,Amy Klobuchar,0,0,0
Ionia,North Plains Township Precinct 1,President,,DEM,Bernie Sanders,30,0,30
Ionia,North Plains Township Precinct 1,President,,DEM,Joe Sestak,0,0,0
Ionia,North Plains Township Precinct 1,President,,DEM,Tom Steyer,0,0,0
Ionia,North Plains Township Precinct 1,President,,DEM,Elizabeth Warren,1,0,1
Ionia,North Plains Township Precinct 1,President,,DEM,Marianne Williamson,0,0,0
Ionia,North Plains Township Precinct 1,President,,DEM,Andrew Yang,0,0,0
Ionia,North Plains Township Precinct 1,President,,DEM,Uncommitted,1,0,1
Ionia,North Plains Township Precinct 1,President,,DEM,Undervotes,1,0,1
Ionia,North Plains Township Precinct 1,President,,DEM,Overvotes,1,0,1
Ionia,North Plains Township Precinct 1,PEWAMO-WESTPHALIA COMMUNITY SCHOOLS OPERATING MILLAGE RENEWAL PROPOSAL,,NON,YES,9,0,9
Ionia,North Plains Township Precinct 1,PEWAMO-WESTPHALIA COMMUNITY SCHOOLS OPERATING MILLAGE RENEWAL PROPOSAL,,NON,NO,8,0,8
Ionia,North Plains Township Precinct 1,Ballots Cast,,NON,,17,0,17
Ionia,North Plains Township Precinct 1,PEWAMO-WESTPHALIA COMMUNITY SCHOOLS OPERATING MILLAGE RENEWAL PROPOSAL,,NON,Undervotes,0,0,0
Ionia,North Plains Township Precinct 1,PEWAMO-WESTPHALIA COMMUNITY SCHOOLS OPERATING MILLAGE RENEWAL PROPOSAL,,NON,Overvotes,0,0,0
Ionia,Odessa Township Precinct 1,President,,REP,Mark Sanford,1,0,1
Ionia,Odessa Township Precinct 1,President,,REP,Donald J. Trump,92,0,92
Ionia,Odessa Township Precinct 1,President,,REP,Joe Walsh,1,0,1
Ionia,Odessa Township Precinct 1,President,,REP,Bill Weld,1,0,1
Ionia,Odessa Township Precinct 1,President,,REP,Uncommitted,6,0,6
Ionia,Odessa Township Precinct 1,Ballots Cast,,Republican Party,,101,0,101
Ionia,Odessa Township Precinct 1,President,,REP,Undervotes,1,0,1
Ionia,Odessa Township Precinct 1,President,,REP,Overvotes,0,0,0
Ionia,Odessa Township Precinct 1,President,,DEM,Michael Bennet,0,0,0
Ionia,Odessa Township Precinct 1,President,,DEM,Joe Biden,88,0,88
Ionia,Odessa Township Precinct 1,President,,DEM,Michael R. Bloomberg,7,0,7
Ionia,Odessa Township Precinct 1,President,,DEM,Cory Booker,0,0,0
Ionia,Odessa Township Precinct 1,President,,DEM,Pete Buttigieg,1,0,1
Ionia,Odessa Township Precinct 1,President,,DEM,Julian Castro,0,0,0
Ionia,Odessa Township Precinct 1,President,,DEM,John Delaney,0,0,0
Ionia,Odessa Township Precinct 1,President,,DEM,Tulsi Gabbard,2,0,2
Ionia,Odessa Township Precinct 1,President,,DEM,Amy Klobuchar,0,0,0
Ionia,Odessa Township Precinct 1,President,,DEM,Bernie Sanders,93,0,93
Ionia,Odessa Township Precinct 1,President,,DEM,Joe Sestak,0,0,0
Ionia,Odessa Township Precinct 1,President,,DEM,Tom Steyer,1,0,1
Ionia,Odessa Township Precinct 1,President,,DEM,Elizabeth Warren,6,0,6
Ionia,Odessa Township Precinct 1,President,,DEM,Marianne Williamson,0,0,0
Ionia,Odessa Township Precinct 1,President,,DEM,Andrew Yang,2,0,2
Ionia,Odessa Township Precinct 1,President,,DEM,Uncommitted,1,0,1
Ionia,Odessa Township Precinct 1,President,,DEM,Undervotes,0,0,0
Ionia,Odessa Township Precinct 1,President,,DEM,Overvotes,0,0,0
Ionia,Odessa Township Precinct 2,President,,REP,Mark Sanford,1,0,1
Ionia,Odessa Township Precinct 2,President,,REP,Donald J. Trump,136,0,136
Ionia,Odessa Township Precinct 2,President,,REP,Joe Walsh,0,0,0
Ionia,Odessa Township Precinct 2,President,,REP,Bill Weld,1,0,1
Ionia,Odessa Township Precinct 2,President,,REP,Uncommitted,9,0,9
Ionia,Odessa Township Precinct 2,Ballots Cast,,Republican Party,,147,0,147
Ionia,Odessa Township Precinct 2,President,,REP,Undervotes,0,0,0
Ionia,Odessa Township Precinct 2,President,,REP,Overvotes,0,0,0
Ionia,Odessa Township Precinct 2,President,,DEM,Michael Bennet,0,0,0
Ionia,Odessa Township Precinct 2,President,,DEM,Joe Biden,92,0,92
Ionia,Odessa Township Precinct 2,President,,DEM,Michael R. Bloomberg,2,0,2
Ionia,Odessa Township Precinct 2,President,,DEM,Cory Booker,0,0,0
Ionia,Odessa Township Precinct 2,President,,DEM,Pete Buttigieg,1,0,1
Ionia,Odessa Township Precinct 2,President,,DEM,Julian Castro,0,0,0
Ionia,Odessa Township Precinct 2,President,,DEM,John Delaney,0,0,0
Ionia,Odessa Township Precinct 2,President,,DEM,Tulsi Gabbard,1,0,1
Ionia,Odessa Township Precinct 2,President,,DEM,Amy Klobuchar,0,0,0
Ionia,Odessa Township Precinct 2,President,,DEM,Bernie Sanders,58,0,58
Ionia,Odessa Township Precinct 2,President,,DEM,Joe Sestak,0,0,0
Ionia,Odessa Township Precinct 2,President,,DEM,Tom Steyer,0,0,0
Ionia,Odessa Township Precinct 2,President,,DEM,Elizabeth Warren,0,0,0
Ionia,Odessa Township Precinct 2,President,,DEM,Marianne Williamson,0,0,0
Ionia,Odessa Township Precinct 2,President,,DEM,Andrew Yang,0,0,0
Ionia,Odessa Township Precinct 2,President,,DEM,Uncommitted,0,0,0
Ionia,Odessa Township Precinct 2,President,,DEM,Undervotes,0,0,0
Ionia,Odessa Township Precinct 2,President,,DEM,Overvotes,0,0,0
Ionia,Orange Township Precinct 1,President,,REP,Mark Sanford,2,0,2
Ionia,Orange Township Precinct 1,President,,REP,Donald J. Trump,99,0,99
Ionia,Orange Township Precinct 1,President,,REP,Joe Walsh,1,0,1
Ionia,Orange Township Precinct 1,President,,REP,Bill Weld,3,0,3
Ionia,Orange Township Precinct 1,President,,REP,Uncommitted,0,0,0
Ionia,Orange Township Precinct 1,Ballots Cast,,Republican Party,,105,0,105
Ionia,Orange Township Precinct 1,President,,REP,Undervotes,0,0,0
Ionia,Orange Township Precinct 1,President,,REP,Overvotes,0,0,0
Ionia,Orange Township Precinct 1,President,,DEM,Michael Bennet,0,0,0
Ionia,Orange Township Precinct 1,President,,DEM,Joe Biden,58,0,58
Ionia,Orange Township Precinct 1,President,,DEM,Michael R. Bloomberg,3,0,3
Ionia,Orange Township Precinct 1,President,,DEM,Cory Booker,0,0,0
Ionia,Orange Township Precinct 1,President,,DEM,Pete Buttigieg,0,0,0
Ionia,Orange Township Precinct 1,President,,DEM,Julian Castro,0,0,0
Ionia,Orange Township Precinct 1,President,,DEM,John Delaney,0,0,0
Ionia,Orange Township Precinct 1,President,,DEM,Tulsi Gabbard,0,0,0
Ionia,Orange Township Precinct 1,President,,DEM,Amy Klobuchar,2,0,2
Ionia,Orange Township Precinct 1,President,,DEM,Bernie Sanders,26,0,26
Ionia,Orange Township Precinct 1,President,,DEM,Joe Sestak,0,0,0
Ionia,Orange Township Precinct 1,President,,DEM,Tom Steyer,0,0,0
Ionia,Orange Township Precinct 1,President,,DEM,Elizabeth Warren,3,0,3
Ionia,Orange Township Precinct 1,President,,DEM,Marianne Williamson,0,0,0
Ionia,Orange Township Precinct 1,President,,DEM,Andrew Yang,0,0,0
Ionia,Orange Township Precinct 1,President,,DEM,Uncommitted,1,0,1
Ionia,Orange Township Precinct 1,President,,DEM,Undervotes,0,0,0
Ionia,Orange Township Precinct 1,President,,DEM,Overvotes,0,0,0
Ionia,Orange Township Precinct 1,PORTLAND PUBLIC SCHOOLS OPERATING MILLAGE RENEWAL PROPOSAL,,NON,YES,87,0,87
Ionia,Orange Township Precinct 1,PORTLAND PUBLIC SCHOOLS OPERATING MILLAGE RENEWAL PROPOSAL,,NON,NO,39,0,39
Ionia,Orange Township Precinct 1,Ballots Cast,,NON,,126,0,126
Ionia,Orange Township Precinct 1,PORTLAND PUBLIC SCHOOLS OPERATING MILLAGE RENEWAL PROPOSAL,,NON,Undervotes,0,0,0
Ionia,Orange Township Precinct 1,PORTLAND PUBLIC SCHOOLS OPERATING MILLAGE RENEWAL PROPOSAL,,NON,Overvotes,0,0,0
Ionia,Orleans Township Precinct 1,President,,REP,Mark Sanford,2,0,2
Ionia,Orleans Township Precinct 1,President,,REP,Donald J. Trump,164,0,164
Ionia,Orleans Township Precinct 1,President,,REP,Joe Walsh,4,0,4
Ionia,Orleans Township Precinct 1,President,,REP,Bill Weld,1,0,1
Ionia,Orleans Township Precinct 1,President,,REP,Uncommitted,5,0,5
Ionia,Orleans Township Precinct 1,Ballots Cast,,Republican Party,,176,0,176
Ionia,Orleans Township Precinct 1,President,,REP,Undervotes,0,0,0
Ionia,Orleans Township Precinct 1,President,,REP,Overvotes,0,0,0
Ionia,Orleans Township Precinct 1,President,,DEM,Michael Bennet,0,0,0
Ionia,Orleans Township Precinct 1,President,,DEM,Joe Biden,91,0,91
Ionia,Orleans Township Precinct 1,President,,DEM,Michael R. Bloomberg,10,0,10
Ionia,Orleans Township Precinct 1,President,,DEM,Cory Booker,0,0,0
Ionia,Orleans Township Precinct 1,President,,DEM,Pete Buttigieg,3,0,3
Ionia,Orleans Township Precinct 1,President,,DEM,Julian Castro,0,0,0
Ionia,Orleans Township Precinct 1,President,,DEM,John Delaney,0,0,0
Ionia,Orleans Township Precinct 1,President,,DEM,Tulsi Gabbard,0,0,0
Ionia,Orleans Township Precinct 1,President,,DEM,Amy Klobuchar,1,0,1
Ionia,Orleans Township Precinct 1,President,,DEM,Bernie Sanders,65,0,65
Ionia,Orleans Township Precinct 1,President,,DEM,Joe Sestak,0,0,0
Ionia,Orleans Township Precinct 1,President,,DEM,Tom Steyer,0,0,0
Ionia,Orleans Township Precinct 1,President,,DEM,Elizabeth Warren,1,0,1
Ionia,Orleans Township Precinct 1,President,,DEM,Marianne Williamson,0,0,0
Ionia,Orleans Township Precinct 1,President,,DEM,Andrew Yang,0,0,0
Ionia,Orleans Township Precinct 1,President,,DEM,Uncommitted,1,0,1
Ionia,Orleans Township Precinct 1,President,,DEM,Undervotes,1,0,1
Ionia,Orleans Township Precinct 1,President,,DEM,Overvotes,0,0,0
Ionia,Otisco Township Precinct 1,President,,REP,Mark Sanford,1,0,1
Ionia,Otisco Township Precinct 1,President,,REP,Donald J. Trump,171,0,171
Ionia,Otisco Township Precinct 1,President,,REP,Joe Walsh,1,0,1
Ionia,Otisco Township Precinct 1,President,,REP,Bill Weld,1,0,1
Ionia,Otisco Township Precinct 1,President,,REP,Uncommitted,5,0,5
Ionia,Otisco Township Precinct 1,Ballots Cast,,Republican Party,,179,0,179
Ionia,Otisco Township Precinct 1,President,,REP,Undervotes,0,0,0
Ionia,Otisco Township Precinct 1,President,,REP,Overvotes,0,0,0
Ionia,Otisco Township Precinct 1,President,,DEM,Michael Bennet,0,0,0
Ionia,Otisco Township Precinct 1,President,,DEM,Joe Biden,105,0,105
Ionia,Otisco Township Precinct 1,President,,DEM,Michael R. Bloomberg,9,0,9
Ionia,Otisco Township Precinct 1,President,,DEM,Cory Booker,0,0,0
Ionia,Otisco Township Precinct 1,President,,DEM,Pete Buttigieg,3,0,3
Ionia,Otisco Township Precinct 1,President,,DEM,Julian Castro,0,0,0
Ionia,Otisco Township Precinct 1,President,,DEM,John Delaney,0,0,0
Ionia,Otisco Township Precinct 1,President,,DEM,Tulsi Gabbard,4,0,4
Ionia,Otisco Township Precinct 1,President,,DEM,Amy Klobuchar,0,0,0
Ionia,Otisco Township Precinct 1,President,,DEM,Bernie Sanders,81,0,81
Ionia,Otisco Township Precinct 1,President,,DEM,Joe Sestak,0,0,0
Ionia,Otisco Township Precinct 1,President,,DEM,Tom Steyer,0,0,0
Ionia,Otisco Township Precinct 1,President,,DEM,Elizabeth Warren,2,0,2
Ionia,Otisco Township Precinct 1,President,,DEM,Marianne Williamson,0,0,0
Ionia,Otisco Township Precinct 1,President,,DEM,Andrew Yang,0,0,0
Ionia,Otisco Township Precinct 1,President,,DEM,Uncommitted,3,0,3
Ionia,Otisco Township Precinct 1,President,,DEM,Undervotes,0,0,0
Ionia,Otisco Township Precinct 1,President,,DEM,Overvotes,0,0,0
Ionia,Portland Township Precinct 1,President,,REP,Mark Sanford,1,0,1
Ionia,Portland Township Precinct 1,President,,REP,Donald J. Trump,100,0,100
Ionia,Portland Township Precinct 1,President,,REP,Joe Walsh,2,0,2
Ionia,Portland Township Precinct 1,President,,REP,Bill Weld,0,0,0
Ionia,Portland Township Precinct 1,President,,REP,Uncommitted,4,0,4
Ionia,Portland Township Precinct 1,Ballots Cast,,Republican Party,,107,0,107
Ionia,Portland Township Precinct 1,President,,REP,Undervotes,0,0,0
Ionia,Portland Township Precinct 1,President,,REP,Overvotes,0,0,0
Ionia,Portland Township Precinct 1,President,,DEM,Michael Bennet,0,0,0
Ionia,Portland Township Precinct 1,President,,DEM,Joe Biden,107,0,107
Ionia,Portland Township Precinct 1,President,,DEM,Michael R. Bloomberg,8,0,8
Ionia,Portland Township Precinct 1,President,,DEM,Cory Booker,0,0,0
Ionia,Portland Township Precinct 1,President,,DEM,Pete Buttigieg,1,0,1
Ionia,Portland Township Precinct 1,President,,DEM,Julian Castro,0,0,0
Ionia,Portland Township Precinct 1,President,,DEM,John Delaney,0,0,0
Ionia,Portland Township Precinct 1,President,,DEM,Tulsi Gabbard,3,0,3
Ionia,Portland Township Precinct 1,President,,DEM,Amy Klobuchar,5,0,5
Ionia,Portland Township Precinct 1,President,,DEM,Bernie Sanders,71,0,71
Ionia,Portland Township Precinct 1,President,,DEM,Joe Sestak,0,0,0
Ionia,Portland Township Precinct 1,President,,DEM,Tom Steyer,0,0,0
Ionia,Portland Township Precinct 1,President,,DEM,Elizabeth Warren,6,0,6
Ionia,Portland Township Precinct 1,President,,DEM,Marianne Williamson,0,0,0
Ionia,Portland Township Precinct 1,President,,DEM,Andrew Yang,0,0,0
Ionia,Portland Township Precinct 1,President,,DEM,Uncommitted,1,0,1
Ionia,Portland Township Precinct 1,President,,DEM,Undervotes,1,0,1
Ionia,Portland Township Precinct 1,President,,DEM,Overvotes,0,0,0
Ionia,Portland Township Precinct 1,PORTLAND PUBLIC SCHOOLS OPERATING MILLAGE RENEWAL PROPOSAL,,NON,YES,252,0,252
Ionia,Portland Township Precinct 1,PORTLAND PUBLIC SCHOOLS OPERATING MILLAGE RENEWAL PROPOSAL,,NON,NO,67,0,67
Ionia,Portland Township Precinct 1,Ballots Cast,,NON,,319,0,319
Ionia,Portland Township Precinct 1,PORTLAND PUBLIC SCHOOLS OPERATING MILLAGE RENEWAL PROPOSAL,,NON,Undervotes,6,0,6
Ionia,Portland Township Precinct 1,PORTLAND PUBLIC SCHOOLS OPERATING MILLAGE RENEWAL PROPOSAL,,NON,Overvotes,0,0,0
Ionia,Portland Township Precinct 2,President,,REP,Mark Sanford,0,0,0
Ionia,Portland Township Precinct 2,President,,REP,Donald J. Trump,117,0,117
Ionia,Portland Township Precinct 2,President,,REP,Joe Walsh,0,0,0
Ionia,Portland Township Precinct 2,President,,REP,Bill Weld,0,0,0
Ionia,Portland Township Precinct 2,President,,REP,Uncommitted,4,0,4
Ionia,Portland Township Precinct 2,Ballots Cast,,Republican Party,,121,0,121
Ionia,Portland Township Precinct 2,President,,REP,Undervotes,1,0,1
Ionia,Portland Township Precinct 2,President,,REP,Overvotes,0,0,0
Ionia,Portland Township Precinct 2,President,,DEM,Michael Bennet,0,0,0
Ionia,Portland Township Precinct 2,President,,DEM,Joe Biden,126,0,126
Ionia,Portland Township Precinct 2,President,,DEM,Michael R. Bloomberg,7,0,7
Ionia,Portland Township Precinct 2,President,,DEM,Cory Booker,0,0,0
Ionia,Portland Township Precinct 2,President,,DEM,Pete Buttigieg,1,0,1
Ionia,Portland Township Precinct 2,President,,DEM,Julian Castro,0,0,0
Ionia,Portland Township Precinct 2,President,,DEM,John Delaney,0,0,0
Ionia,Portland Township Precinct 2,President,,DEM,Tulsi Gabbard,1,0,1
Ionia,Portland Township Precinct 2,President,,DEM,Amy Klobuchar,1,0,1
Ionia,Portland Township Precinct 2,President,,DEM,Bernie Sanders,42,0,42
Ionia,Portland Township Precinct 2,President,,DEM,Joe Sestak,0,0,0
Ionia,Portland Township Precinct 2,President,,DEM,Tom Steyer,0,0,0
Ionia,Portland Township Precinct 2,President,,DEM,Elizabeth Warren,3,0,3
Ionia,Portland Township Precinct 2,President,,DEM,Marianne Williamson,1,0,1
Ionia,Portland Township Precinct 2,President,,DEM,Andrew Yang,1,0,1
Ionia,Portland Township Precinct 2,President,,DEM,Uncommitted,2,0,2
Ionia,Portland Township Precinct 2,President,,DEM,Undervotes,1,0,1
Ionia,Portland Township Precinct 2,President,,DEM,Overvotes,0,0,0
Ionia,Portland Township Precinct 2,PORTLAND PUBLIC SCHOOLS OPERATING MILLAGE RENEWAL PROPOSAL,,NON,YES,235,0,235
Ionia,Portland Township Precinct 2,PORTLAND PUBLIC SCHOOLS OPERATING MILLAGE RENEWAL PROPOSAL,,NON,NO,67,0,67
Ionia,Portland Township Precinct 2,Ballots Cast,,NON,,302,0,302
Ionia,Portland Township Precinct 2,PORTLAND PUBLIC SCHOOLS OPERATING MILLAGE RENEWAL PROPOSAL,,NON,Undervotes,3,0,3
Ionia,Portland Township Precinct 2,PORTLAND PUBLIC SCHOOLS OPERATING MILLAGE RENEWAL PROPOSAL,,NON,Overvotes,0,0,0
Ionia,Portland Township Precinct 2,PEWAMO-WESTPHALIA COMMUNITY SCHOOLS OPERATING MILLAGE RENEWAL PROPOSAL,,NON,YES,16,0,16
Ionia,Portland Township Precinct 2,PEWAMO-WESTPHALIA COMMUNITY SCHOOLS OPERATING MILLAGE RENEWAL PROPOSAL,,NON,NO,1,0,1
Ionia,Portland Township Precinct 2,PEWAMO-WESTPHALIA COMMUNITY SCHOOLS OPERATING MILLAGE RENEWAL PROPOSAL,,NON,Undervotes,0,0,0
Ionia,Portland Township Precinct 2,PEWAMO-WESTPHALIA COMMUNITY SCHOOLS OPERATING MILLAGE RENEWAL PROPOSAL,,NON,Overvotes,1,0,1
Ionia,Ronald Township Precinct 1,President,,REP,Mark Sanford,0,0,0
Ionia,Ronald Township Precinct 1,President,,REP,Donald J. Trump,158,0,158
Ionia,Ronald Township Precinct 1,President,,REP,Joe Walsh,0,0,0
Ionia,Ronald Township Precinct 1,President,,REP,Bill Weld,1,0,1
Ionia,Ronald Township Precinct 1,President,,REP,Uncommitted,1,0,1
Ionia,Ronald Township Precinct 1,Ballots Cast,,Republican Party,,160,0,160
Ionia,Ronald Township Precinct 1,President,,REP,Undervotes,0,0,0
Ionia,Ronald Township Precinct 1,President,,REP,Overvotes,0,0,0
Ionia,Ronald Township Precinct 1,President,,DEM,Michael Bennet,0,0,0
Ionia,Ronald Township Precinct 1,President,,DEM,Joe Biden,92,0,92
Ionia,Ronald Township Precinct 1,President,,DEM,Michael R. Bloomberg,9,0,9
Ionia,Ronald Township Precinct 1,President,,DEM,Cory Booker,0,0,0
Ionia,Ronald Township Precinct 1,President,,DEM,Pete Buttigieg,4,0,4
Ionia,Ronald Township Precinct 1,President,,DEM,Julian Castro,0,0,0
Ionia,Ronald Township Precinct 1,President,,DEM,John Delaney,0,0,0
Ionia,Ronald Township Precinct 1,President,,DEM,Tulsi Gabbard,1,0,1
Ionia,Ronald Township Precinct 1,President,,DEM,Amy Klobuchar,1,0,1
Ionia,Ronald Township Precinct 1,President,,DEM,Bernie Sanders,61,0,61
Ionia,Ronald Township Precinct 1,President,,DEM,Joe Sestak,0,0,0
Ionia,Ronald Township Precinct 1,President,,DEM,Tom Steyer,0,0,0
Ionia,Ronald Township Precinct 1,President,,DEM,Elizabeth Warren,3,0,3
Ionia,Ronald Township Precinct 1,President,,DEM,Marianne Williamson,0,0,0
Ionia,Ronald Township Precinct 1,President,,DEM,Andrew Yang,0,0,0
Ionia,Ronald Township Precinct 1,President,,DEM,Uncommitted,3,0,3
Ionia,Ronald Township Precinct 1,President,,DEM,Undervotes,0,0,0
Ionia,Ronald Township Precinct 1,President,,DEM,Overvotes,0,0,0
Ionia,Sebewa Township Precinct 1,President,,REP,Mark Sanford,1,0,1
Ionia,Sebewa Township Precinct 1,President,,REP,Donald J. Trump,82,0,82
Ionia,Sebewa Township Precinct 1,President,,REP,Joe Walsh,0,0,0
Ionia,Sebewa Township Precinct 1,President,,REP,Bill Weld,0,0,0
Ionia,Sebewa Township Precinct 1,President,,REP,Uncommitted,2,0,2
Ionia,Sebewa Township Precinct 1,Ballots Cast,,Republican Party,,85,0,85
Ionia,Sebewa Township Precinct 1,President,,REP,Undervotes,0,0,0
Ionia,Sebewa Township Precinct 1,President,,REP,Overvotes,0,0,0
Ionia,Sebewa Township Precinct 1,President,,DEM,Michael Bennet,0,0,0
Ionia,Sebewa Township Precinct 1,President,,DEM,Joe Biden,41,0,41
Ionia,Sebewa Township Precinct 1,President,,DEM,Michael R. Bloomberg,4,0,4
Ionia,Sebewa Township Precinct 1,President,,DEM,Cory Booker,0,0,0
Ionia,Sebewa Township Precinct 1,President,,DEM,Pete Buttigieg,0,0,0
Ionia,Sebewa Township Precinct 1,President,,DEM,Julian Castro,0,0,0
Ionia,Sebewa Township Precinct 1,President,,DEM,John Delaney,1,0,1
Ionia,Sebewa Township Precinct 1,President,,DEM,Tulsi Gabbard,5,0,5
Ionia,Sebewa Township Precinct 1,President,,DEM,Amy Klobuchar,0,0,0
Ionia,Sebewa Township Precinct 1,President,,DEM,Bernie Sanders,32,0,32
Ionia,Sebewa Township Precinct 1,President,,DEM,Joe Sestak,0,0,0
Ionia,Sebewa Township Precinct 1,President,,DEM,Tom Steyer,0,0,0
Ionia,Sebewa Township Precinct 1,President,,DEM,Elizabeth Warren,2,0,2
Ionia,Sebewa Township Precinct 1,President,,DEM,Marianne Williamson,0,0,0
Ionia,Sebewa Township Precinct 1,President,,DEM,Andrew Yang,0,0,0
Ionia,Sebewa Township Precinct 1,President,,DEM,Uncommitted,3,0,3
Ionia,Sebewa Township Precinct 1,President,,DEM,Undervotes,0,0,0
Ionia,Sebewa Township Precinct 1,President,,DEM,Overvotes,0,0,0
Ionia,Sebewa Township Precinct 1,PORTLAND PUBLIC SCHOOLS OPERATING MILLAGE RENEWAL PROPOSAL,,NON,YES,47,0,47
Ionia,Sebewa Township Precinct 1,PORTLAND PUBLIC SCHOOLS OPERATING MILLAGE RENEWAL PROPOSAL,,NON,NO,32,0,32
Ionia,Sebewa Township Precinct 1,Ballots Cast,,NON,,79,0,79
Ionia,Sebewa Township Precinct 1,PORTLAND PUBLIC SCHOOLS OPERATING MILLAGE RENEWAL PROPOSAL,,NON,Undervotes,4,0,4
Ionia,Sebewa Township Precinct 1,PORTLAND PUBLIC SCHOOLS OPERATING MILLAGE RENEWAL PROPOSAL,,NON,Overvotes,0,0,0
Ionia,City of Belding Precinct 1,President,,REP,Mark Sanford,1,0,1
Ionia,City of Belding Precinct 1,President,,REP,Donald J. Trump,97,0,97
Ionia,City of Belding Precinct 1,President,,REP,Joe Walsh,1,0,1
Ionia,City of Belding Precinct 1,President,,REP,Bill Weld,2,0,2
Ionia,City of Belding Precinct 1,President,,REP,Uncommitted,5,0,5
Ionia,City of Belding Precinct 1,Ballots Cast,,Republican Party,,106,0,106
Ionia,City of Belding Precinct 1,President,,REP,Undervotes,0,0,0
Ionia,City of Belding Precinct 1,President,,REP,Overvotes,0,0,0
Ionia,City of Belding Precinct 1,President,,DEM,Michael Bennet,1,0,1
Ionia,City of Belding Precinct 1,President,,DEM,Joe Biden,69,0,69
Ionia,City of Belding Precinct 1,President,,DEM,Michael R. Bloomberg,4,0,4
Ionia,City of Belding Precinct 1,President,,DEM,Cory Booker,0,0,0
Ionia,City of Belding Precinct 1,President,,DEM,Pete Buttigieg,1,0,1
Ionia,City of Belding Precinct 1,President,,DEM,Julian Castro,0,0,0
Ionia,City of Belding Precinct 1,President,,DEM,John Delaney,0,0,0
Ionia,City of Belding Precinct 1,President,,DEM,Tulsi Gabbard,1,0,1
Ionia,City of Belding Precinct 1,President,,DEM,Amy Klobuchar,1,0,1
Ionia,City of Belding Precinct 1,President,,DEM,Bernie Sanders,82,0,82
Ionia,City of Belding Precinct 1,President,,DEM,Joe Sestak,0,0,0
Ionia,City of Belding Precinct 1,President,,DEM,Tom Steyer,0,0,0
Ionia,City of Belding Precinct 1,President,,DEM,Elizabeth Warren,1,0,1
Ionia,City of Belding Precinct 1,President,,DEM,Marianne Williamson,0,0,0
Ionia,City of Belding Precinct 1,President,,DEM,Andrew Yang,0,0,0
Ionia,City of Belding Precinct 1,President,,DEM,Uncommitted,3,0,3
Ionia,City of Belding Precinct 1,President,,DEM,Undervotes,0,0,0
Ionia,City of Belding Precinct 1,President,,DEM,Overvotes,0,0,0
Ionia,City of Belding Precinct 2,President,,REP,Mark Sanford,0,0,0
Ionia,City of Belding Precinct 2,President,,REP,Donald J. Trump,63,0,63
Ionia,City of Belding Precinct 2,President,,REP,Joe Walsh,0,0,0
Ionia,City of Belding Precinct 2,President,,REP,Bill Weld,0,0,0
Ionia,City of Belding Precinct 2,President,,REP,Uncommitted,5,0,5
Ionia,City of Belding Precinct 2,Ballots Cast,,Republican Party,,68,0,68
Ionia,City of Belding Precinct 2,President,,REP,Undervotes,1,0,1
Ionia,City of Belding Precinct 2,President,,REP,Overvotes,0,0,0
Ionia,City of Belding Precinct 2,President,,DEM,Michael Bennet,0,0,0
Ionia,City of Belding Precinct 2,President,,DEM,Joe Biden,86,0,86
Ionia,City of Belding Precinct 2,President,,DEM,Michael R. Bloomberg,2,0,2
Ionia,City of Belding Precinct 2,President,,DEM,Cory Booker,0,0,0
Ionia,City of Belding Precinct 2,President,,DEM,Pete Buttigieg,1,0,1
Ionia,City of Belding Precinct 2,President,,DEM,Julian Castro,0,0,0
Ionia,City of Belding Precinct 2,President,,DEM,John Delaney,0,0,0
Ionia,City of Belding Precinct 2,President,,DEM,Tulsi Gabbard,0,0,0
Ionia,City of Belding Precinct 2,President,,DEM,Amy Klobuchar,2,0,2
Ionia,City of Belding Precinct 2,President,,DEM,Bernie Sanders,86,0,86
Ionia,City of Belding Precinct 2,President,,DEM,Joe Sestak,0,0,0
Ionia,City of Belding Precinct 2,President,,DEM,Tom Steyer,0,0,0
Ionia,City of Belding Precinct 2,President,,DEM,Elizabeth Warren,2,0,2
Ionia,City of Belding Precinct 2,President,,DEM,Marianne Williamson,0,0,0
Ionia,City of Belding Precinct 2,President,,DEM,Andrew Yang,1,0,1
Ionia,City of Belding Precinct 2,President,,DEM,Uncommitted,0,0,0
Ionia,City of Belding Precinct 2,President,,DEM,Undervotes,0,0,0
Ionia,City of Belding Precinct 2,President,,DEM,Overvotes,0,0,0
Ionia,City of Belding Precinct 3,President,,REP,Mark Sanford,0,0,0
Ionia,City of Belding Precinct 3,President,,REP,Donald J. Trump,54,0,54
Ionia,City of Belding Precinct 3,President,,REP,Joe Walsh,1,0,1
Ionia,City of Belding Precinct 3,President,,REP,Bill Weld,2,0,2
Ionia,City of Belding Precinct 3,President,,REP,Uncommitted,6,0,6
Ionia,City of Belding Precinct 3,Ballots Cast,,Republican Party,,63,0,63
Ionia,City of Belding Precinct 3,President,,REP,Undervotes,0,0,0
Ionia,City of Belding Precinct 3,President,,REP,Overvotes,0,0,0
Ionia,City of Belding Precinct 3,President,,DEM,Michael Bennet,1,0,1
Ionia,City of Belding Precinct 3,President,,DEM,Joe Biden,69,0,69
Ionia,City of Belding Precinct 3,President,,DEM,Michael R. Bloomberg,4,0,4
Ionia,City of Belding Precinct 3,President,,DEM,Cory Booker,0,0,0
Ionia,City of Belding Precinct 3,President,,DEM,Pete Buttigieg,2,0,2
Ionia,City of Belding Precinct 3,President,,DEM,Julian Castro,0,0,0
Ionia,City of Belding Precinct 3,President,,DEM,John Delaney,0,0,0
Ionia,City of Belding Precinct 3,President,,DEM,Tulsi Gabbard,0,0,0
Ionia,City of Belding Precinct 3,President,,DEM,Amy Klobuchar,0,0,0
Ionia,City of Belding Precinct 3,President,,DEM,Bernie Sanders,76,0,76
Ionia,City of Belding Precinct 3,President,,DEM,Joe Sestak,0,0,0
Ionia,City of Belding Precinct 3,President,,DEM,Tom Steyer,0,0,0
Ionia,City of Belding Precinct 3,President,,DEM,Elizabeth Warren,1,0,1
Ionia,City of Belding Precinct 3,President,,DEM,Marianne Williamson,0,0,0
Ionia,City of Belding Precinct 3,President,,DEM,Andrew Yang,0,0,0
Ionia,City of Belding Precinct 3,President,,DEM,Uncommitted,3,0,3
Ionia,City of Belding Precinct 3,President,,DEM,Undervotes,0,0,0
Ionia,City of Belding Precinct 3,President,,DEM,Overvotes,1,0,1
Ionia,City of Portland Precinct 1,President,,REP,Mark Sanford,0,3,3
Ionia,City of Portland Precinct 1,President,,REP,Donald J. Trump,124,116,240
Ionia,City of Portland Precinct 1,President,,REP,Joe Walsh,7,1,8
Ionia,City of Portland Precinct 1,President,,REP,Bill Weld,3,3,6
Ionia,City of Portland Precinct 1,President,,REP,Uncommitted,8,20,28
Ionia,City of Portland Precinct 1,Ballots Cast,,Republican Party,,142,143,285
Ionia,City of Portland Precinct 1,President,,REP,Undervotes,0,5,5
Ionia,City of Portland Precinct 1,President,,REP,Overvotes,0,0,0
Ionia,City of Portland Precinct 1,President,,DEM,Michael Bennet,0,0,0
Ionia,City of Portland Precinct 1,President,,DEM,Joe Biden,178,96,274
Ionia,City of Portland Precinct 1,President,,DEM,Michael R. Bloomberg,0,34,34
Ionia,City of Portland Precinct 1,President,,DEM,Cory Booker,0,1,1
Ionia,City of Portland Precinct 1,President,,DEM,Pete Buttigieg,2,9,11
Ionia,City of Portland Precinct 1,President,,DEM,Julian Castro,0,0,0
Ionia,City of Portland Precinct 1,President,,DEM,John Delaney,0,0,0
Ionia,City of Portland Precinct 1,President,,DEM,Tulsi Gabbard,4,1,5
Ionia,City of Portland Precinct 1,President,,DEM,Amy Klobuchar,0,10,10
Ionia,City of Portland Precinct 1,President,,DEM,Bernie Sanders,172,32,204
Ionia,City of Portland Precinct 1,President,,DEM,Joe Sestak,0,0,0
Ionia,City of Portland Precinct 1,President,,DEM,Tom Steyer,0,1,1
Ionia,City of Portland Precinct 1,President,,DEM,Elizabeth Warren,0,7,7
Ionia,City of Portland Precinct 1,President,,DEM,Marianne Williamson,0,0,0
Ionia,City of Portland Precinct 1,President,,DEM,Andrew Yang,1,0,1
Ionia,City of Portland Precinct 1,President,,DEM,Uncommitted,2,9,11
Ionia,City of Portland Precinct 1,President,,DEM,Undervotes,1,0,1
Ionia,City of Portland Precinct 1,President,,DEM,Overvotes,0,0,0
Ionia,City of Portland Precinct 1,PORTLAND PUBLIC SCHOOLS OPERATING MILLAGE RENEWAL PROPOSAL,,NON,YES,411,296,707
Ionia,City of Portland Precinct 1,PORTLAND PUBLIC SCHOOLS OPERATING MILLAGE RENEWAL PROPOSAL,,NON,NO,91,67,158
Ionia,City of Portland Precinct 1,Ballots Cast,,NON,,502,363,865
Ionia,City of Portland Precinct 1,PORTLAND PUBLIC SCHOOLS OPERATING MILLAGE RENEWAL PROPOSAL,,NON,Undervotes,17,7,24
Ionia,City of Portland Precinct 1,PORTLAND PUBLIC SCHOOLS OPERATING MILLAGE RENEWAL PROPOSAL,,NON,Overvotes,0,0,0
Ionia,City of Ionia Ward 1,President,,REP,Mark Sanford,0,0,0
Ionia,City of Ionia Ward 1,President,,REP,Donald J. Trump,49,0,49
Ionia,City of Ionia Ward 1,President,,REP,Joe Walsh,1,0,1
Ionia,City of Ionia Ward 1,President,,REP,Bill Weld,0,0,0
Ionia,City of Ionia Ward 1,President,,REP,Uncommitted,5,0,5
Ionia,City of Ionia Ward 1,Ballots Cast,,Republican Party,,55,0,55
Ionia,City of Ionia Ward 1,President,,REP,Undervotes,0,0,0
Ionia,City of Ionia Ward 1,President,,REP,Overvotes,0,0,0
Ionia,City of Ionia Ward 1,President,,DEM,Michael Bennet,0,0,0
Ionia,City of Ionia Ward 1,President,,DEM,Joe Biden,70,0,70
Ionia,City of Ionia Ward 1,President,,DEM,Michael R. Bloomberg,0,0,0
Ionia,City of Ionia Ward 1,President,,DEM,Cory Booker,0,0,0
Ionia,City of Ionia Ward 1,President,,DEM,Pete Buttigieg,3,0,3
Ionia,City of Ionia Ward 1,President,,DEM,Julian Castro,0,0,0
Ionia,City of Ionia Ward 1,President,,DEM,John Delaney,0,0,0
Ionia,City of Ionia Ward 1,President,,DEM,Tulsi Gabbard,2,0,2
Ionia,City of Ionia Ward 1,President,,DEM,Amy Klobuchar,0,0,0
Ionia,City of Ionia Ward 1,President,,DEM,Bernie Sanders,89,0,89
Ionia,City of Ionia Ward 1,President,,DEM,Joe Sestak,0,0,0
Ionia,City of Ionia Ward 1,President,,DEM,Tom Steyer,0,0,0
Ionia,City of Ionia Ward 1,President,,DEM,Elizabeth Warren,2,0,2
Ionia,City of Ionia Ward 1,President,,DEM,Marianne Williamson,0,0,0
Ionia,City of Ionia Ward 1,President,,DEM,Andrew Yang,1,0,1
Ionia,City of Ionia Ward 1,President,,DEM,Uncommitted,2,0,2
Ionia,City of Ionia Ward 1,President,,DEM,Undervotes,0,0,0
Ionia,City of Ionia Ward 1,President,,DEM,Overvotes,0,0,0
Ionia,City of Ionia Ward 2,President,,REP,Mark Sanford,0,0,0
Ionia,City of Ionia Ward 2,President,,REP,Donald J. Trump,38,0,38
Ionia,City of Ionia Ward 2,President,,REP,Joe Walsh,1,0,1
Ionia,City of Ionia Ward 2,President,,REP,Bill Weld,0,0,0
Ionia,City of Ionia Ward 2,President,,REP,Uncommitted,2,0,2
Ionia,City of Ionia Ward 2,Ballots Cast,,Republican Party,,41,0,41
Ionia,City of Ionia Ward 2,President,,REP,Undervotes,1,0,1
Ionia,City of Ionia Ward 2,President,,REP,Overvotes,0,0,0
Ionia,City of Ionia Ward 2,President,,DEM,Michael Bennet,0,0,0
Ionia,City of Ionia Ward 2,President,,DEM,Joe Biden,53,0,53
Ionia,City of Ionia Ward 2,President,,DEM,Michael R. Bloomberg,1,0,1
Ionia,City of Ionia Ward 2,President,,DEM,Cory Booker,0,0,0
Ionia,City of Ionia Ward 2,President,,DEM,Pete Buttigieg,3,0,3
Ionia,City of Ionia Ward 2,President,,DEM,Julian Castro,1,0,1
Ionia,City of Ionia Ward 2,President,,DEM,John Delaney,1,0,1
Ionia,City of Ionia Ward 2,President,,DEM,Tulsi Gabbard,0,0,0
Ionia,City of Ionia Ward 2,President,,DEM,Amy Klobuchar,1,0,1
Ionia,City of Ionia Ward 2,President,,DEM,Bernie Sanders,69,0,69
Ionia,City of Ionia Ward 2,President,,DEM,Joe Sestak,0,0,0
Ionia,City of Ionia Ward 2,President,,DEM,Tom Steyer,0,0,0
Ionia,City of Ionia Ward 2,President,,DEM,Elizabeth Warren,3,0,3
Ionia,City of Ionia Ward 2,President,,DEM,Marianne Williamson,0,0,0
Ionia,City of Ionia Ward 2,President,,DEM,Andrew Yang,0,0,0
Ionia,City of Ionia Ward 2,President,,DEM,Uncommitted,0,0,0
Ionia,City of Ionia Ward 2,President,,DEM,Undervotes,0,0,0
Ionia,City of Ionia Ward 2,President,,DEM,Overvotes,0,0,0
Ionia,City of Ionia Ward 3,President,,REP,Mark Sanford,1,0,1
Ionia,City of Ionia Ward 3,President,,REP,Donald J. Trump,54,0,54
Ionia,City of Ionia Ward 3,President,,REP,Joe Walsh,1,0,1
Ionia,City of Ionia Ward 3,President,,REP,Bill Weld,0,0,0
Ionia,City of Ionia Ward 3,President,,REP,Uncommitted,2,0,2
Ionia,City of Ionia Ward 3,Ballots Cast,,Republican Party,,58,0,58
Ionia,City of Ionia Ward 3,President,,REP,Undervotes,0,0,0
Ionia,City of Ionia Ward 3,President,,REP,Overvotes,0,0,0
Ionia,City of Ionia Ward 3,President,,DEM,Michael Bennet,0,0,0
Ionia,City of Ionia Ward 3,President,,DEM,Joe Biden,58,0,58
Ionia,City of Ionia Ward 3,President,,DEM,Michael R. Bloomberg,3,0,3
Ionia,City of Ionia Ward 3,President,,DEM,Cory Booker,0,0,0
Ionia,City of Ionia Ward 3,President,,DEM,Pete Buttigieg,2,0,2
Ionia,City of Ionia Ward 3,President,,DEM,Julian Castro,0,0,0
Ionia,City of Ionia Ward 3,President,,DEM,John Delaney,0,0,0
Ionia,City of Ionia Ward 3,President,,DEM,Tulsi Gabbard,2,0,2
Ionia,City of Ionia Ward 3,President,,DEM,Amy Klobuchar,3,0,3
Ionia,City of Ionia Ward 3,President,,DEM,Bernie Sanders,49,0,49
Ionia,City of Ionia Ward 3,President,,DEM,Joe Sestak,0,0,0
Ionia,City of Ionia Ward 3,President,,DEM,Tom Steyer,0,0,0
Ionia,City of Ionia Ward 3,President,,DEM,Elizabeth Warren,0,0,0
Ionia,City of Ionia Ward 3,President,,DEM,Marianne Williamson,0,0,0
Ionia,City of Ionia Ward 3,President,,DEM,Andrew Yang,0,0,0
Ionia,City of Ionia Ward 3,President,,DEM,Uncommitted,0,0,0
Ionia,City of Ionia Ward 3,President,,DEM,Undervotes,0,0,0
Ionia,City of Ionia Ward 3,President,,DEM,Overvotes,0,0,0
Ionia,City of Ionia Ward 4,President,,REP,Mark Sanford,1,0,1
Ionia,City of Ionia Ward 4,President,,REP,Donald J. Trump,54,0,54
Ionia,City of Ionia Ward 4,President,,REP,Joe Walsh,0,0,0
Ionia,City of Ionia Ward 4,President,,REP,Bill Weld,3,0,3
Ionia,City of Ionia Ward 4,President,,REP,Uncommitted,1,0,1
Ionia,City of Ionia Ward 4,Ballots Cast,,Republican Party,,59,0,59
Ionia,City of Ionia Ward 4,President,,REP,Undervotes,0,0,0
Ionia,City of Ionia Ward 4,President,,REP,Overvotes,0,0,0
Ionia,City of Ionia Ward 4,President,,DEM,Michael Bennet,0,0,0
Ionia,City of Ionia Ward 4,President,,DEM,Joe Biden,76,0,76
Ionia,City of Ionia Ward 4,President,,DEM,Michael R. Bloomberg,8,0,8
Ionia,City of Ionia Ward 4,President,,DEM,Cory Booker,0,0,0
Ionia,City of Ionia Ward 4,President,,DEM,Pete Buttigieg,0,0,0
Ionia,City of Ionia Ward 4,President,,DEM,Julian Castro,0,0,0
Ionia,City of Ionia Ward 4,President,,DEM,John Delaney,0,0,0
Ionia,City of Ionia Ward 4,President,,DEM,Tulsi Gabbard,0,0,0
Ionia,City of Ionia Ward 4,President,,DEM,Amy Klobuchar,2,0,2
Ionia,City of Ionia Ward 4,President,,DEM,Bernie Sanders,56,0,56
Ionia,City of Ionia Ward 4,President,,DEM,Joe Sestak,0,0,0
Ionia,City of Ionia Ward 4,President,,DEM,Tom Steyer,0,0,0
Ionia,City of Ionia Ward 4,President,,DEM,Elizabeth Warren,0,0,0
Ionia,City of Ionia Ward 4,President,,DEM,Marianne Williamson,0,0,0
Ionia,City of Ionia Ward 4,President,,DEM,Andrew Yang,0,0,0
Ionia,City of Ionia Ward 4,President,,DEM,Uncommitted,1,0,1
Ionia,City of Ionia Ward 4,President,,DEM,Undervotes,1,0,1
Ionia,City of Ionia Ward 4,President,,DEM,Overvotes,0,0,0
