county,precinct,office,district,party,candidate,election_day,votes
Hillsdale,"City of Hillsdale, Ward I, Precinct 1",President,,DEM,Michael Bennet,0,0
Hillsdale,"City of Hillsdale, Ward I, Precinct 1",President,,DEM,Joe Biden,59,59
Hillsdale,"City of Hillsdale, Ward I, Precinct 1",President,,DEM,Michael R. Bloomberg,3,3
Hillsdale,"City of Hillsdale, Ward I, Precinct 1",President,,DEM,Cory Booker,0,0
Hillsdale,"City of Hillsdale, Ward I, Precinct 1",President,,DEM,Pete Buttigieg,3,3
Hillsdale,"City of Hillsdale, Ward I, Precinct 1",President,,DEM,Julián Castro,0,0
Hillsdale,"City of Hillsdale, Ward I, Precinct 1",President,,DEM,John Delaney,0,0
Hillsdale,"City of Hillsdale, Ward I, Precinct 1",President,,DEM,Tulsi Gabbard,2,2
Hillsdale,"City of Hillsdale, Ward I, Precinct 1",President,,DEM,Amy Klobuchar,0,0
Hillsdale,"City of Hillsdale, Ward I, Precinct 1",President,,DEM,Bernie Sanders,41,41
Hillsdale,"City of Hillsdale, Ward I, Precinct 1",President,,DEM,Joe Sestak,0,0
Hillsdale,"City of Hillsdale, Ward I, Precinct 1",President,,DEM,Tom Steyer,0,0
Hillsdale,"City of Hillsdale, Ward I, Precinct 1",President,,DEM,Elizabeth Warren,1,1
Hillsdale,"City of Hillsdale, Ward I, Precinct 1",President,,DEM,Marianne Williamson,0,0
Hillsdale,"City of Hillsdale, Ward I, Precinct 1",President,,DEM,Andrew Yang,0,0
Hillsdale,"City of Hillsdale, Ward I, Precinct 1",President,,DEM,Uncommitted,1,1
Hillsdale,"City of Hillsdale, Ward I, Precinct 1",Ballots Cast,,DEM,,110,110
Hillsdale,"City of Hillsdale, Ward I, Precinct 1",President,,REP,Mark Sanford,1,1
Hillsdale,"City of Hillsdale, Ward I, Precinct 1",President,,REP,Donald J. Trump,109,109
Hillsdale,"City of Hillsdale, Ward I, Precinct 1",President,,REP,Joe Walsh,1,1
Hillsdale,"City of Hillsdale, Ward I, Precinct 1",President,,REP,Bill Weld,0,0
Hillsdale,"City of Hillsdale, Ward I, Precinct 1",President,,REP,Uncommitted,7,7
Hillsdale,"City of Hillsdale, Ward I, Precinct 1",Hillsdale County Intermediate School District Area Career and Technical Education Proposal,,NON,Yes,152,152
Hillsdale,"City of Hillsdale, Ward I, Precinct 1",Hillsdale County Intermediate School District Area Career and Technical Education Proposal,,NON,No,78,78
Hillsdale,"City of Hillsdale, Ward I, Precinct 1",Ballots Cast,,NON,,230,230
Hillsdale,"City of Hillsdale, Ward II, Precinct 1",President,,DEM,Michael Bennet,0,0
Hillsdale,"City of Hillsdale, Ward II, Precinct 1",President,,DEM,Joe Biden,41,41
Hillsdale,"City of Hillsdale, Ward II, Precinct 1",President,,DEM,Michael R. Bloomberg,5,5
Hillsdale,"City of Hillsdale, Ward II, Precinct 1",President,,DEM,Cory Booker,0,0
Hillsdale,"City of Hillsdale, Ward II, Precinct 1",President,,DEM,Pete Buttigieg,2,2
Hillsdale,"City of Hillsdale, Ward II, Precinct 1",President,,DEM,Julián Castro,0,0
Hillsdale,"City of Hillsdale, Ward II, Precinct 1",President,,DEM,John Delaney,0,0
Hillsdale,"City of Hillsdale, Ward II, Precinct 1",President,,DEM,Tulsi Gabbard,0,0
Hillsdale,"City of Hillsdale, Ward II, Precinct 1",President,,DEM,Amy Klobuchar,0,0
Hillsdale,"City of Hillsdale, Ward II, Precinct 1",President,,DEM,Bernie Sanders,15,15
Hillsdale,"City of Hillsdale, Ward II, Precinct 1",President,,DEM,Joe Sestak,0,0
Hillsdale,"City of Hillsdale, Ward II, Precinct 1",President,,DEM,Tom Steyer,1,1
Hillsdale,"City of Hillsdale, Ward II, Precinct 1",President,,DEM,Elizabeth Warren,0,0
Hillsdale,"City of Hillsdale, Ward II, Precinct 1",President,,DEM,Marianne Williamson,0,0
Hillsdale,"City of Hillsdale, Ward II, Precinct 1",President,,DEM,Andrew Yang,0,0
Hillsdale,"City of Hillsdale, Ward II, Precinct 1",President,,DEM,Uncommitted,2,2
Hillsdale,"City of Hillsdale, Ward II, Precinct 1",Ballots Cast,,DEM,,66,66
Hillsdale,"City of Hillsdale, Ward II, Precinct 1",President,,REP,Mark Sanford,1,1
Hillsdale,"City of Hillsdale, Ward II, Precinct 1",President,,REP,Donald J. Trump,63,63
Hillsdale,"City of Hillsdale, Ward II, Precinct 1",President,,REP,Joe Walsh,0,0
Hillsdale,"City of Hillsdale, Ward II, Precinct 1",President,,REP,Bill Weld,1,1
Hillsdale,"City of Hillsdale, Ward II, Precinct 1",President,,REP,Uncommitted,3,3
Hillsdale,"City of Hillsdale, Ward II, Precinct 1",Hillsdale County Intermediate School District Area Career and Technical Education Proposal,,NON,Yes,83,83
Hillsdale,"City of Hillsdale, Ward II, Precinct 1",Hillsdale County Intermediate School District Area Career and Technical Education Proposal,,NON,No,49,49
Hillsdale,"City of Hillsdale, Ward II, Precinct 1",Ballots Cast,,NON,,132,132
Hillsdale,"City of Hillsdale, Ward III, Precinct 1",President,,DEM,Michael Bennet,0,0
Hillsdale,"City of Hillsdale, Ward III, Precinct 1",President,,DEM,Joe Biden,74,74
Hillsdale,"City of Hillsdale, Ward III, Precinct 1",President,,DEM,Michael R. Bloomberg,7,7
Hillsdale,"City of Hillsdale, Ward III, Precinct 1",President,,DEM,Cory Booker,0,0
Hillsdale,"City of Hillsdale, Ward III, Precinct 1",President,,DEM,Pete Buttigieg,1,1
Hillsdale,"City of Hillsdale, Ward III, Precinct 1",President,,DEM,Julián Castro,0,0
Hillsdale,"City of Hillsdale, Ward III, Precinct 1",President,,DEM,John Delaney,0,0
Hillsdale,"City of Hillsdale, Ward III, Precinct 1",President,,DEM,Tulsi Gabbard,1,1
Hillsdale,"City of Hillsdale, Ward III, Precinct 1",President,,DEM,Amy Klobuchar,0,0
Hillsdale,"City of Hillsdale, Ward III, Precinct 1",President,,DEM,Bernie Sanders,58,58
Hillsdale,"City of Hillsdale, Ward III, Precinct 1",President,,DEM,Joe Sestak,0,0
Hillsdale,"City of Hillsdale, Ward III, Precinct 1",President,,DEM,Tom Steyer,0,0
Hillsdale,"City of Hillsdale, Ward III, Precinct 1",President,,DEM,Elizabeth Warren,1,1
Hillsdale,"City of Hillsdale, Ward III, Precinct 1",President,,DEM,Marianne Williamson,0,0
Hillsdale,"City of Hillsdale, Ward III, Precinct 1",President,,DEM,Andrew Yang,2,2
Hillsdale,"City of Hillsdale, Ward III, Precinct 1",President,,DEM,Uncommitted,1,1
Hillsdale,"City of Hillsdale, Ward III, Precinct 1",Ballots Cast,,DEM,,145,145
Hillsdale,"City of Hillsdale, Ward III, Precinct 1",President,,REP,Mark Sanford,1,1
Hillsdale,"City of Hillsdale, Ward III, Precinct 1",President,,REP,Donald J. Trump,149,149
Hillsdale,"City of Hillsdale, Ward III, Precinct 1",President,,REP,Joe Walsh,0,0
Hillsdale,"City of Hillsdale, Ward III, Precinct 1",President,,REP,Bill Weld,2,2
Hillsdale,"City of Hillsdale, Ward III, Precinct 1",President,,REP,Uncommitted,7,7
Hillsdale,"City of Hillsdale, Ward III, Precinct 1",Hillsdale County Intermediate School District Area Career and Technical Education Proposal,,NON,Yes,203,203
Hillsdale,"City of Hillsdale, Ward III, Precinct 1",Hillsdale County Intermediate School District Area Career and Technical Education Proposal,,NON,No,116,116
Hillsdale,"City of Hillsdale, Ward III, Precinct 1",Ballots Cast,,NON,,319,319
Hillsdale,"City of Hillsdale, Ward IV, Precinct 1",President,,DEM,Michael Bennet,0,0
Hillsdale,"City of Hillsdale, Ward IV, Precinct 1",President,,DEM,Joe Biden,75,75
Hillsdale,"City of Hillsdale, Ward IV, Precinct 1",President,,DEM,Michael R. Bloomberg,1,1
Hillsdale,"City of Hillsdale, Ward IV, Precinct 1",President,,DEM,Cory Booker,0,0
Hillsdale,"City of Hillsdale, Ward IV, Precinct 1",President,,DEM,Pete Buttigieg,5,5
Hillsdale,"City of Hillsdale, Ward IV, Precinct 1",President,,DEM,Julián Castro,0,0
Hillsdale,"City of Hillsdale, Ward IV, Precinct 1",President,,DEM,John Delaney,0,0
Hillsdale,"City of Hillsdale, Ward IV, Precinct 1",President,,DEM,Tulsi Gabbard,1,1
Hillsdale,"City of Hillsdale, Ward IV, Precinct 1",President,,DEM,Amy Klobuchar,1,1
Hillsdale,"City of Hillsdale, Ward IV, Precinct 1",President,,DEM,Bernie Sanders,69,69
Hillsdale,"City of Hillsdale, Ward IV, Precinct 1",President,,DEM,Joe Sestak,0,0
Hillsdale,"City of Hillsdale, Ward IV, Precinct 1",President,,DEM,Tom Steyer,1,1
Hillsdale,"City of Hillsdale, Ward IV, Precinct 1",President,,DEM,Elizabeth Warren,1,1
Hillsdale,"City of Hillsdale, Ward IV, Precinct 1",President,,DEM,Marianne Williamson,0,0
Hillsdale,"City of Hillsdale, Ward IV, Precinct 1",President,,DEM,Andrew Yang,0,0
Hillsdale,"City of Hillsdale, Ward IV, Precinct 1",President,,DEM,Uncommitted,1,1
Hillsdale,"City of Hillsdale, Ward IV, Precinct 1",Ballots Cast,,DEM,,155,155
Hillsdale,"City of Hillsdale, Ward IV, Precinct 1",President,,REP,Mark Sanford,0,0
Hillsdale,"City of Hillsdale, Ward IV, Precinct 1",President,,REP,Donald J. Trump,138,138
Hillsdale,"City of Hillsdale, Ward IV, Precinct 1",President,,REP,Joe Walsh,4,4
Hillsdale,"City of Hillsdale, Ward IV, Precinct 1",President,,REP,Bill Weld,0,0
Hillsdale,"City of Hillsdale, Ward IV, Precinct 1",President,,REP,Uncommitted,3,3
Hillsdale,"City of Hillsdale, Ward IV, Precinct 1",Hillsdale County Intermediate School District Area Career and Technical Education Proposal,,NON,Yes,194,194
Hillsdale,"City of Hillsdale, Ward IV, Precinct 1",Hillsdale County Intermediate School District Area Career and Technical Education Proposal,,NON,No,108,108
Hillsdale,"City of Hillsdale, Ward IV, Precinct 1",Ballots Cast,,NON,,302,302
Hillsdale,"City of Jonesville, Precinct 1",President,,DEM,Michael Bennet,0,0
Hillsdale,"City of Jonesville, Precinct 1",President,,DEM,Joe Biden,95,95
Hillsdale,"City of Jonesville, Precinct 1",President,,DEM,Michael R. Bloomberg,16,16
Hillsdale,"City of Jonesville, Precinct 1",President,,DEM,Cory Booker,0,0
Hillsdale,"City of Jonesville, Precinct 1",President,,DEM,Pete Buttigieg,2,2
Hillsdale,"City of Jonesville, Precinct 1",President,,DEM,Julián Castro,0,0
Hillsdale,"City of Jonesville, Precinct 1",President,,DEM,John Delaney,0,0
Hillsdale,"City of Jonesville, Precinct 1",President,,DEM,Tulsi Gabbard,2,2
Hillsdale,"City of Jonesville, Precinct 1",President,,DEM,Amy Klobuchar,0,0
Hillsdale,"City of Jonesville, Precinct 1",President,,DEM,Bernie Sanders,71,71
Hillsdale,"City of Jonesville, Precinct 1",President,,DEM,Joe Sestak,0,0
Hillsdale,"City of Jonesville, Precinct 1",President,,DEM,Tom Steyer,0,0
Hillsdale,"City of Jonesville, Precinct 1",President,,DEM,Elizabeth Warren,2,2
Hillsdale,"City of Jonesville, Precinct 1",President,,DEM,Marianne Williamson,0,0
Hillsdale,"City of Jonesville, Precinct 1",President,,DEM,Andrew Yang,0,0
Hillsdale,"City of Jonesville, Precinct 1",President,,DEM,Uncommitted,4,4
Hillsdale,"City of Jonesville, Precinct 1",Ballots Cast,,DEM,,192,192
Hillsdale,"City of Jonesville, Precinct 1",President,,REP,Mark Sanford,0,0
Hillsdale,"City of Jonesville, Precinct 1",President,,REP,Donald J. Trump,197,197
Hillsdale,"City of Jonesville, Precinct 1",President,,REP,Joe Walsh,1,1
Hillsdale,"City of Jonesville, Precinct 1",President,,REP,Bill Weld,0,0
Hillsdale,"City of Jonesville, Precinct 1",President,,REP,Uncommitted,12,12
Hillsdale,"City of Jonesville, Precinct 1",Hillsdale County Intermediate School District Area Career and Technical Education Proposal,,NON,Yes,276,276
Hillsdale,"City of Jonesville, Precinct 1",Hillsdale County Intermediate School District Area Career and Technical Education Proposal,,NON,No,137,137
Hillsdale,"City of Jonesville, Precinct 1",Ballots Cast,,NON,,413,413
Hillsdale,"City of Litchfield, Precinct 1",President,,DEM,Michael Bennet,0,0
Hillsdale,"City of Litchfield, Precinct 1",President,,DEM,Joe Biden,44,44
Hillsdale,"City of Litchfield, Precinct 1",President,,DEM,Michael R. Bloomberg,2,2
Hillsdale,"City of Litchfield, Precinct 1",President,,DEM,Cory Booker,0,0
Hillsdale,"City of Litchfield, Precinct 1",President,,DEM,Pete Buttigieg,0,0
Hillsdale,"City of Litchfield, Precinct 1",President,,DEM,Julián Castro,0,0
Hillsdale,"City of Litchfield, Precinct 1",President,,DEM,John Delaney,0,0
Hillsdale,"City of Litchfield, Precinct 1",President,,DEM,Tulsi Gabbard,0,0
Hillsdale,"City of Litchfield, Precinct 1",President,,DEM,Amy Klobuchar,1,1
Hillsdale,"City of Litchfield, Precinct 1",President,,DEM,Bernie Sanders,33,33
Hillsdale,"City of Litchfield, Precinct 1",President,,DEM,Joe Sestak,0,0
Hillsdale,"City of Litchfield, Precinct 1",President,,DEM,Tom Steyer,1,1
Hillsdale,"City of Litchfield, Precinct 1",President,,DEM,Elizabeth Warren,2,2
Hillsdale,"City of Litchfield, Precinct 1",President,,DEM,Marianne Williamson,0,0
Hillsdale,"City of Litchfield, Precinct 1",President,,DEM,Andrew Yang,0,0
Hillsdale,"City of Litchfield, Precinct 1",President,,DEM,Uncommitted,0,0
Hillsdale,"City of Litchfield, Precinct 1",Ballots Cast,,DEM,,83,83
Hillsdale,"City of Litchfield, Precinct 1",President,,REP,Mark Sanford,0,0
Hillsdale,"City of Litchfield, Precinct 1",President,,REP,Donald J. Trump,145,145
Hillsdale,"City of Litchfield, Precinct 1",President,,REP,Joe Walsh,0,0
Hillsdale,"City of Litchfield, Precinct 1",President,,REP,Bill Weld,0,0
Hillsdale,"City of Litchfield, Precinct 1",President,,REP,Uncommitted,4,4
Hillsdale,"City of Litchfield, Precinct 1",Litchfield Community Schools Sinking Fund Millage Proposal,,NON,Yes,167,167
Hillsdale,"City of Litchfield, Precinct 1",Litchfield Community Schools Sinking Fund Millage Proposal,,NON,No,80,80
Hillsdale,"City of Litchfield, Precinct 1",Ballots Cast,,NON,,247,247
Hillsdale,"City of Litchfield, Precinct 1",Hillsdale County Intermediate School District Area Career and Technical Education Proposal,,NON,Yes,139,139
Hillsdale,"City of Litchfield, Precinct 1",Hillsdale County Intermediate School District Area Career and Technical Education Proposal,,NON,No,106,106
Hillsdale,"City of Reading, Precinct 1",President,,DEM,Michael Bennet,0,0
Hillsdale,"City of Reading, Precinct 1",President,,DEM,Joe Biden,26,26
Hillsdale,"City of Reading, Precinct 1",President,,DEM,Michael R. Bloomberg,5,5
Hillsdale,"City of Reading, Precinct 1",President,,DEM,Cory Booker,0,0
Hillsdale,"City of Reading, Precinct 1",President,,DEM,Pete Buttigieg,2,2
Hillsdale,"City of Reading, Precinct 1",President,,DEM,Julián Castro,0,0
Hillsdale,"City of Reading, Precinct 1",President,,DEM,John Delaney,0,0
Hillsdale,"City of Reading, Precinct 1",President,,DEM,Tulsi Gabbard,3,3
Hillsdale,"City of Reading, Precinct 1",President,,DEM,Amy Klobuchar,0,0
Hillsdale,"City of Reading, Precinct 1",President,,DEM,Bernie Sanders,31,31
Hillsdale,"City of Reading, Precinct 1",President,,DEM,Joe Sestak,0,0
Hillsdale,"City of Reading, Precinct 1",President,,DEM,Tom Steyer,0,0
Hillsdale,"City of Reading, Precinct 1",President,,DEM,Elizabeth Warren,1,1
Hillsdale,"City of Reading, Precinct 1",President,,DEM,Marianne Williamson,0,0
Hillsdale,"City of Reading, Precinct 1",President,,DEM,Andrew Yang,0,0
Hillsdale,"City of Reading, Precinct 1",President,,DEM,Uncommitted,2,2
Hillsdale,"City of Reading, Precinct 1",Ballots Cast,,DEM,,70,70
Hillsdale,"City of Reading, Precinct 1",President,,REP,Mark Sanford,2,2
Hillsdale,"City of Reading, Precinct 1",President,,REP,Donald J. Trump,66,66
Hillsdale,"City of Reading, Precinct 1",President,,REP,Joe Walsh,1,1
Hillsdale,"City of Reading, Precinct 1",President,,REP,Bill Weld,3,3
Hillsdale,"City of Reading, Precinct 1",President,,REP,Uncommitted,1,1
Hillsdale,"City of Reading, Precinct 1",Hillsdale County Intermediate School District Area Career and Technical Education Proposal,,NON,Yes,107,107
Hillsdale,"City of Reading, Precinct 1",Hillsdale County Intermediate School District Area Career and Technical Education Proposal,,NON,No,41,41
Hillsdale,"City of Reading, Precinct 1",Ballots Cast,,NON,,148,148
Hillsdale,"Adams Township, Precinct 1",President,,DEM,Michael Bennet,1,1
Hillsdale,"Adams Township, Precinct 1",President,,DEM,Joe Biden,81,81
Hillsdale,"Adams Township, Precinct 1",President,,DEM,Michael R. Bloomberg,16,16
Hillsdale,"Adams Township, Precinct 1",President,,DEM,Cory Booker,0,0
Hillsdale,"Adams Township, Precinct 1",President,,DEM,Pete Buttigieg,1,1
Hillsdale,"Adams Township, Precinct 1",President,,DEM,Julián Castro,0,0
Hillsdale,"Adams Township, Precinct 1",President,,DEM,John Delaney,0,0
Hillsdale,"Adams Township, Precinct 1",President,,DEM,Tulsi Gabbard,3,3
Hillsdale,"Adams Township, Precinct 1",President,,DEM,Amy Klobuchar,1,1
Hillsdale,"Adams Township, Precinct 1",President,,DEM,Bernie Sanders,72,72
Hillsdale,"Adams Township, Precinct 1",President,,DEM,Joe Sestak,0,0
Hillsdale,"Adams Township, Precinct 1",President,,DEM,Tom Steyer,0,0
Hillsdale,"Adams Township, Precinct 1",President,,DEM,Elizabeth Warren,2,2
Hillsdale,"Adams Township, Precinct 1",President,,DEM,Marianne Williamson,0,0
Hillsdale,"Adams Township, Precinct 1",President,,DEM,Andrew Yang,0,0
Hillsdale,"Adams Township, Precinct 1",President,,DEM,Uncommitted,2,2
Hillsdale,"Adams Township, Precinct 1",Ballots Cast,,DEM,,179,179
Hillsdale,"Adams Township, Precinct 1",President,,REP,Mark Sanford,2,2
Hillsdale,"Adams Township, Precinct 1",President,,REP,Donald J. Trump,247,247
Hillsdale,"Adams Township, Precinct 1",President,,REP,Joe Walsh,1,1
Hillsdale,"Adams Township, Precinct 1",President,,REP,Bill Weld,1,1
Hillsdale,"Adams Township, Precinct 1",President,,REP,Uncommitted,4,4
Hillsdale,"Adams Township, Precinct 1",Pittsford Area Schools Sinking Fund Millage Proposal,,NON,Yes,11,11
Hillsdale,"Adams Township, Precinct 1",Pittsford Area Schools Sinking Fund Millage Proposal,,NON,No,28,28
Hillsdale,"Adams Township, Precinct 1",Ballots Cast,,NON,,39,39
Hillsdale,"Adams Township, Precinct 1",Hillsdale County Intermediate School District Area Career and Technical Education Proposal,,NON,Yes,235,235
Hillsdale,"Adams Township, Precinct 1",Hillsdale County Intermediate School District Area Career and Technical Education Proposal,,NON,No,214,214
Hillsdale,"Allen Township, Precinct 1",President,,DEM,Michael Bennet,0,0
Hillsdale,"Allen Township, Precinct 1",President,,DEM,Joe Biden,50,50
Hillsdale,"Allen Township, Precinct 1",President,,DEM,Michael R. Bloomberg,4,4
Hillsdale,"Allen Township, Precinct 1",President,,DEM,Cory Booker,0,0
Hillsdale,"Allen Township, Precinct 1",President,,DEM,Pete Buttigieg,2,2
Hillsdale,"Allen Township, Precinct 1",President,,DEM,Julián Castro,1,1
Hillsdale,"Allen Township, Precinct 1",President,,DEM,John Delaney,0,0
Hillsdale,"Allen Township, Precinct 1",President,,DEM,Tulsi Gabbard,2,2
Hillsdale,"Allen Township, Precinct 1",President,,DEM,Amy Klobuchar,2,2
Hillsdale,"Allen Township, Precinct 1",President,,DEM,Bernie Sanders,39,39
Hillsdale,"Allen Township, Precinct 1",President,,DEM,Joe Sestak,0,0
Hillsdale,"Allen Township, Precinct 1",President,,DEM,Tom Steyer,0,0
Hillsdale,"Allen Township, Precinct 1",President,,DEM,Elizabeth Warren,1,1
Hillsdale,"Allen Township, Precinct 1",President,,DEM,Marianne Williamson,0,0
Hillsdale,"Allen Township, Precinct 1",President,,DEM,Andrew Yang,0,0
Hillsdale,"Allen Township, Precinct 1",President,,DEM,Uncommitted,1,1
Hillsdale,"Allen Township, Precinct 1",Ballots Cast,,DEM,,102,102
Hillsdale,"Allen Township, Precinct 1",President,,REP,Mark Sanford,0,0
Hillsdale,"Allen Township, Precinct 1",President,,REP,Donald J. Trump,138,138
Hillsdale,"Allen Township, Precinct 1",President,,REP,Joe Walsh,0,0
Hillsdale,"Allen Township, Precinct 1",President,,REP,Bill Weld,0,0
Hillsdale,"Allen Township, Precinct 1",President,,REP,Uncommitted,4,4
Hillsdale,"Allen Township, Precinct 1",Litchfield Community Schools Sinking Fund Millage Proposal,,NON,Yes,8,8
Hillsdale,"Allen Township, Precinct 1",Litchfield Community Schools Sinking Fund Millage Proposal,,NON,No,6,6
Hillsdale,"Allen Township, Precinct 1",Ballots Cast,,NON,,14,14
Hillsdale,"Allen Township, Precinct 1",Hillsdale County Intermediate School District Area Career and Technical Education Proposal,,NON,Yes,75,75
Hillsdale,"Allen Township, Precinct 1",Hillsdale County Intermediate School District Area Career and Technical Education Proposal,,NON,No,76,76
Hillsdale,"Amboy Township, Precinct 1",President,,DEM,Michael Bennet,0,0
Hillsdale,"Amboy Township, Precinct 1",President,,DEM,Joe Biden,65,65
Hillsdale,"Amboy Township, Precinct 1",President,,DEM,Michael R. Bloomberg,2,2
Hillsdale,"Amboy Township, Precinct 1",President,,DEM,Cory Booker,0,0
Hillsdale,"Amboy Township, Precinct 1",President,,DEM,Pete Buttigieg,1,1
Hillsdale,"Amboy Township, Precinct 1",President,,DEM,Julián Castro,1,1
Hillsdale,"Amboy Township, Precinct 1",President,,DEM,John Delaney,0,0
Hillsdale,"Amboy Township, Precinct 1",President,,DEM,Tulsi Gabbard,1,1
Hillsdale,"Amboy Township, Precinct 1",President,,DEM,Amy Klobuchar,1,1
Hillsdale,"Amboy Township, Precinct 1",President,,DEM,Bernie Sanders,16,16
Hillsdale,"Amboy Township, Precinct 1",President,,DEM,Joe Sestak,0,0
Hillsdale,"Amboy Township, Precinct 1",President,,DEM,Tom Steyer,0,0
Hillsdale,"Amboy Township, Precinct 1",President,,DEM,Elizabeth Warren,0,0
Hillsdale,"Amboy Township, Precinct 1",President,,DEM,Marianne Williamson,0,0
Hillsdale,"Amboy Township, Precinct 1",President,,DEM,Andrew Yang,0,0
Hillsdale,"Amboy Township, Precinct 1",President,,DEM,Uncommitted,1,1
Hillsdale,"Amboy Township, Precinct 1",Ballots Cast,,DEM,,88,88
Hillsdale,"Amboy Township, Precinct 1",President,,REP,Mark Sanford,0,0
Hillsdale,"Amboy Township, Precinct 1",President,,REP,Donald J. Trump,99,99
Hillsdale,"Amboy Township, Precinct 1",President,,REP,Joe Walsh,1,1
Hillsdale,"Amboy Township, Precinct 1",President,,REP,Bill Weld,0,0
Hillsdale,"Amboy Township, Precinct 1",President,,REP,Uncommitted,1,1
Hillsdale,"Amboy Township, Precinct 1",Hillsdale County Intermediate School District Area Career and Technical Education Proposal,,NON,Yes,106,106
Hillsdale,"Amboy Township, Precinct 1",Hillsdale County Intermediate School District Area Career and Technical Education Proposal,,NON,No,91,91
Hillsdale,"Amboy Township, Precinct 1",Ballots Cast,,NON,,197,197
Hillsdale,"Cambria Township, Precinct 1",President,,DEM,Michael Bennet,0,0
Hillsdale,"Cambria Township, Precinct 1",President,,DEM,Joe Biden,85,85
Hillsdale,"Cambria Township, Precinct 1",President,,DEM,Michael R. Bloomberg,15,15
Hillsdale,"Cambria Township, Precinct 1",President,,DEM,Cory Booker,0,0
Hillsdale,"Cambria Township, Precinct 1",President,,DEM,Pete Buttigieg,1,1
Hillsdale,"Cambria Township, Precinct 1",President,,DEM,Julián Castro,0,0
Hillsdale,"Cambria Township, Precinct 1",President,,DEM,John Delaney,0,0
Hillsdale,"Cambria Township, Precinct 1",President,,DEM,Tulsi Gabbard,0,0
Hillsdale,"Cambria Township, Precinct 1",President,,DEM,Amy Klobuchar,4,4
Hillsdale,"Cambria Township, Precinct 1",President,,DEM,Bernie Sanders,45,45
Hillsdale,"Cambria Township, Precinct 1",President,,DEM,Joe Sestak,0,0
Hillsdale,"Cambria Township, Precinct 1",President,,DEM,Tom Steyer,1,1
Hillsdale,"Cambria Township, Precinct 1",President,,DEM,Elizabeth Warren,4,4
Hillsdale,"Cambria Township, Precinct 1",President,,DEM,Marianne Williamson,0,0
Hillsdale,"Cambria Township, Precinct 1",President,,DEM,Andrew Yang,0,0
Hillsdale,"Cambria Township, Precinct 1",President,,DEM,Uncommitted,4,4
Hillsdale,"Cambria Township, Precinct 1",Ballots Cast,,DEM,,159,159
Hillsdale,"Cambria Township, Precinct 1",President,,REP,Mark Sanford,0,0
Hillsdale,"Cambria Township, Precinct 1",President,,REP,Donald J. Trump,241,241
Hillsdale,"Cambria Township, Precinct 1",President,,REP,Joe Walsh,1,1
Hillsdale,"Cambria Township, Precinct 1",President,,REP,Bill Weld,2,2
Hillsdale,"Cambria Township, Precinct 1",President,,REP,Uncommitted,11,11
Hillsdale,"Cambria Township, Precinct 1",Hillsdale County Intermediate School District Area Career and Technical Education Proposal,,NON,Yes,261,261
Hillsdale,"Cambria Township, Precinct 1",Hillsdale County Intermediate School District Area Career and Technical Education Proposal,,NON,No,164,164
Hillsdale,"Cambria Township, Precinct 1",Ballots Cast,,NON,,425,425
Hillsdale,"Camden Township, Precinct 1",President,,DEM,Michael Bennet,1,1
Hillsdale,"Camden Township, Precinct 1",President,,DEM,Joe Biden,39,39
Hillsdale,"Camden Township, Precinct 1",President,,DEM,Michael R. Bloomberg,2,2
Hillsdale,"Camden Township, Precinct 1",President,,DEM,Cory Booker,0,0
Hillsdale,"Camden Township, Precinct 1",President,,DEM,Pete Buttigieg,1,1
Hillsdale,"Camden Township, Precinct 1",President,,DEM,Julián Castro,0,0
Hillsdale,"Camden Township, Precinct 1",President,,DEM,John Delaney,0,0
Hillsdale,"Camden Township, Precinct 1",President,,DEM,Tulsi Gabbard,1,1
Hillsdale,"Camden Township, Precinct 1",President,,DEM,Amy Klobuchar,2,2
Hillsdale,"Camden Township, Precinct 1",President,,DEM,Bernie Sanders,30,30
Hillsdale,"Camden Township, Precinct 1",President,,DEM,Joe Sestak,0,0
Hillsdale,"Camden Township, Precinct 1",President,,DEM,Tom Steyer,0,0
Hillsdale,"Camden Township, Precinct 1",President,,DEM,Elizabeth Warren,0,0
Hillsdale,"Camden Township, Precinct 1",President,,DEM,Marianne Williamson,0,0
Hillsdale,"Camden Township, Precinct 1",President,,DEM,Andrew Yang,0,0
Hillsdale,"Camden Township, Precinct 1",President,,DEM,Uncommitted,2,2
Hillsdale,"Camden Township, Precinct 1",Ballots Cast,,DEM,,78,78
Hillsdale,"Camden Township, Precinct 1",President,,REP,Mark Sanford,1,1
Hillsdale,"Camden Township, Precinct 1",President,,REP,Donald J. Trump,127,127
Hillsdale,"Camden Township, Precinct 1",President,,REP,Joe Walsh,2,2
Hillsdale,"Camden Township, Precinct 1",President,,REP,Bill Weld,2,2
Hillsdale,"Camden Township, Precinct 1",President,,REP,Uncommitted,6,6
Hillsdale,"Camden Township, Precinct 1",Hillsdale County Intermediate School District Area Career and Technical Education Proposal,,NON,Yes,111,111
Hillsdale,"Camden Township, Precinct 1",Hillsdale County Intermediate School District Area Career and Technical Education Proposal,,NON,No,107,107
Hillsdale,"Camden Township, Precinct 1",Ballots Cast,,NON,,218,218
Hillsdale,"Fayette Township, Precinct 1",President,,DEM,Michael Bennet,0,0
Hillsdale,"Fayette Township, Precinct 1",President,,DEM,Joe Biden,62,62
Hillsdale,"Fayette Township, Precinct 1",President,,DEM,Michael R. Bloomberg,1,1
Hillsdale,"Fayette Township, Precinct 1",President,,DEM,Cory Booker,0,0
Hillsdale,"Fayette Township, Precinct 1",President,,DEM,Pete Buttigieg,1,1
Hillsdale,"Fayette Township, Precinct 1",President,,DEM,Julián Castro,0,0
Hillsdale,"Fayette Township, Precinct 1",President,,DEM,John Delaney,0,0
Hillsdale,"Fayette Township, Precinct 1",President,,DEM,Tulsi Gabbard,0,0
Hillsdale,"Fayette Township, Precinct 1",President,,DEM,Amy Klobuchar,0,0
Hillsdale,"Fayette Township, Precinct 1",President,,DEM,Bernie Sanders,31,31
Hillsdale,"Fayette Township, Precinct 1",President,,DEM,Joe Sestak,0,0
Hillsdale,"Fayette Township, Precinct 1",President,,DEM,Tom Steyer,0,0
Hillsdale,"Fayette Township, Precinct 1",President,,DEM,Elizabeth Warren,2,2
Hillsdale,"Fayette Township, Precinct 1",President,,DEM,Marianne Williamson,0,0
Hillsdale,"Fayette Township, Precinct 1",President,,DEM,Andrew Yang,0,0
Hillsdale,"Fayette Township, Precinct 1",President,,DEM,Uncommitted,2,2
Hillsdale,"Fayette Township, Precinct 1",Ballots Cast,,DEM,,99,99
Hillsdale,"Fayette Township, Precinct 1",President,,REP,Mark Sanford,0,0
Hillsdale,"Fayette Township, Precinct 1",President,,REP,Donald J. Trump,161,161
Hillsdale,"Fayette Township, Precinct 1",President,,REP,Joe Walsh,2,2
Hillsdale,"Fayette Township, Precinct 1",President,,REP,Bill Weld,0,0
Hillsdale,"Fayette Township, Precinct 1",President,,REP,Uncommitted,7,7
Hillsdale,"Fayette Township, Precinct 1",Hillsdale County Intermediate School District Area Career and Technical Education Proposal,,NON,Yes,168,168
Hillsdale,"Fayette Township, Precinct 1",Hillsdale County Intermediate School District Area Career and Technical Education Proposal,,NON,No,112,112
Hillsdale,"Fayette Township, Precinct 1",Ballots Cast,,NON,,280,280
Hillsdale,"Hillsdale Township, Precinct 1",President,,DEM,Michael Bennet,0,0
Hillsdale,"Hillsdale Township, Precinct 1",President,,DEM,Joe Biden,118,118
Hillsdale,"Hillsdale Township, Precinct 1",President,,DEM,Michael R. Bloomberg,9,9
Hillsdale,"Hillsdale Township, Precinct 1",President,,DEM,Cory Booker,0,0
Hillsdale,"Hillsdale Township, Precinct 1",President,,DEM,Pete Buttigieg,5,5
Hillsdale,"Hillsdale Township, Precinct 1",President,,DEM,Julián Castro,0,0
Hillsdale,"Hillsdale Township, Precinct 1",President,,DEM,John Delaney,0,0
Hillsdale,"Hillsdale Township, Precinct 1",President,,DEM,Tulsi Gabbard,0,0
Hillsdale,"Hillsdale Township, Precinct 1",President,,DEM,Amy Klobuchar,2,2
Hillsdale,"Hillsdale Township, Precinct 1",President,,DEM,Bernie Sanders,54,54
Hillsdale,"Hillsdale Township, Precinct 1",President,,DEM,Joe Sestak,0,0
Hillsdale,"Hillsdale Township, Precinct 1",President,,DEM,Tom Steyer,0,0
Hillsdale,"Hillsdale Township, Precinct 1",President,,DEM,Elizabeth Warren,2,2
Hillsdale,"Hillsdale Township, Precinct 1",President,,DEM,Marianne Williamson,1,1
Hillsdale,"Hillsdale Township, Precinct 1",President,,DEM,Andrew Yang,0,0
Hillsdale,"Hillsdale Township, Precinct 1",President,,DEM,Uncommitted,3,3
Hillsdale,"Hillsdale Township, Precinct 1",Ballots Cast,,DEM,,194,194
Hillsdale,"Hillsdale Township, Precinct 1",President,,REP,Mark Sanford,1,1
Hillsdale,"Hillsdale Township, Precinct 1",President,,REP,Donald J. Trump,251,251
Hillsdale,"Hillsdale Township, Precinct 1",President,,REP,Joe Walsh,1,1
Hillsdale,"Hillsdale Township, Precinct 1",President,,REP,Bill Weld,1,1
Hillsdale,"Hillsdale Township, Precinct 1",President,,REP,Uncommitted,5,5
Hillsdale,"Hillsdale Township, Precinct 1",Hillsdale County Intermediate School District Area Career and Technical Education Proposal,,NON,Yes,303,303
Hillsdale,"Hillsdale Township, Precinct 1",Hillsdale County Intermediate School District Area Career and Technical Education Proposal,,NON,No,156,156
Hillsdale,"Hillsdale Township, Precinct 1",Ballots Cast,,NON,,459,459
Hillsdale,"Jefferson Township, Precinct 1",President,,DEM,Michael Bennet,0,0
Hillsdale,"Jefferson Township, Precinct 1",President,,DEM,Joe Biden,124,124
Hillsdale,"Jefferson Township, Precinct 1",President,,DEM,Michael R. Bloomberg,12,12
Hillsdale,"Jefferson Township, Precinct 1",President,,DEM,Cory Booker,0,0
Hillsdale,"Jefferson Township, Precinct 1",President,,DEM,Pete Buttigieg,1,1
Hillsdale,"Jefferson Township, Precinct 1",President,,DEM,Julián Castro,1,1
Hillsdale,"Jefferson Township, Precinct 1",President,,DEM,John Delaney,0,0
Hillsdale,"Jefferson Township, Precinct 1",President,,DEM,Tulsi Gabbard,3,3
Hillsdale,"Jefferson Township, Precinct 1",President,,DEM,Amy Klobuchar,2,2
Hillsdale,"Jefferson Township, Precinct 1",President,,DEM,Bernie Sanders,69,69
Hillsdale,"Jefferson Township, Precinct 1",President,,DEM,Joe Sestak,0,0
Hillsdale,"Jefferson Township, Precinct 1",President,,DEM,Tom Steyer,1,1
Hillsdale,"Jefferson Township, Precinct 1",President,,DEM,Elizabeth Warren,5,5
Hillsdale,"Jefferson Township, Precinct 1",President,,DEM,Marianne Williamson,0,0
Hillsdale,"Jefferson Township, Precinct 1",President,,DEM,Andrew Yang,0,0
Hillsdale,"Jefferson Township, Precinct 1",President,,DEM,Uncommitted,0,0
Hillsdale,"Jefferson Township, Precinct 1",Ballots Cast,,DEM,,218,218
Hillsdale,"Jefferson Township, Precinct 1",President,,REP,Mark Sanford,1,1
Hillsdale,"Jefferson Township, Precinct 1",President,,REP,Donald J. Trump,324,324
Hillsdale,"Jefferson Township, Precinct 1",President,,REP,Joe Walsh,0,0
Hillsdale,"Jefferson Township, Precinct 1",President,,REP,Bill Weld,1,1
Hillsdale,"Jefferson Township, Precinct 1",President,,REP,Uncommitted,9,9
Hillsdale,"Jefferson Township, Precinct 1",Pittsford Area Schools Sinking Fund Millage Proposal,,NON,Yes,132,132
Hillsdale,"Jefferson Township, Precinct 1",Pittsford Area Schools Sinking Fund Millage Proposal,,NON,No,132,132
Hillsdale,"Jefferson Township, Precinct 1",Ballots Cast,,NON,,264,264
Hillsdale,"Jefferson Township, Precinct 1",Hillsdale County Intermediate School District Area Career and Technical Education Proposal,,NON,Yes,301,301
Hillsdale,"Jefferson Township, Precinct 1",Hillsdale County Intermediate School District Area Career and Technical Education Proposal,,NON,No,273,273
Hillsdale,"Litchfield Township, Precinct 1",President,,DEM,Michael Bennet,0,0
Hillsdale,"Litchfield Township, Precinct 1",President,,DEM,Joe Biden,53,53
Hillsdale,"Litchfield Township, Precinct 1",President,,DEM,Michael R. Bloomberg,0,0
Hillsdale,"Litchfield Township, Precinct 1",President,,DEM,Cory Booker,0,0
Hillsdale,"Litchfield Township, Precinct 1",President,,DEM,Pete Buttigieg,0,0
Hillsdale,"Litchfield Township, Precinct 1",President,,DEM,Julián Castro,0,0
Hillsdale,"Litchfield Township, Precinct 1",President,,DEM,John Delaney,0,0
Hillsdale,"Litchfield Township, Precinct 1",President,,DEM,Tulsi Gabbard,0,0
Hillsdale,"Litchfield Township, Precinct 1",President,,DEM,Amy Klobuchar,1,1
Hillsdale,"Litchfield Township, Precinct 1",President,,DEM,Bernie Sanders,11,11
Hillsdale,"Litchfield Township, Precinct 1",President,,DEM,Joe Sestak,0,0
Hillsdale,"Litchfield Township, Precinct 1",President,,DEM,Tom Steyer,0,0
Hillsdale,"Litchfield Township, Precinct 1",President,,DEM,Elizabeth Warren,0,0
Hillsdale,"Litchfield Township, Precinct 1",President,,DEM,Marianne Williamson,0,0
Hillsdale,"Litchfield Township, Precinct 1",President,,DEM,Andrew Yang,0,0
Hillsdale,"Litchfield Township, Precinct 1",President,,DEM,Uncommitted,0,0
Hillsdale,"Litchfield Township, Precinct 1",Ballots Cast,,DEM,,65,65
Hillsdale,"Litchfield Township, Precinct 1",President,,REP,Mark Sanford,0,0
Hillsdale,"Litchfield Township, Precinct 1",President,,REP,Donald J. Trump,118,118
Hillsdale,"Litchfield Township, Precinct 1",President,,REP,Joe Walsh,1,1
Hillsdale,"Litchfield Township, Precinct 1",President,,REP,Bill Weld,0,0
Hillsdale,"Litchfield Township, Precinct 1",President,,REP,Uncommitted,8,8
Hillsdale,"Litchfield Township, Precinct 1",Litchfield Community Schools Sinking Fund Millage Proposal,,NON,Yes,98,98
Hillsdale,"Litchfield Township, Precinct 1",Litchfield Community Schools Sinking Fund Millage Proposal,,NON,No,83,83
Hillsdale,"Litchfield Township, Precinct 1",Ballots Cast,,NON,,181,181
Hillsdale,"Litchfield Township, Precinct 1",Hillsdale County Intermediate School District Area Career and Technical Education Proposal,,NON,Yes,86,86
Hillsdale,"Litchfield Township, Precinct 1",Hillsdale County Intermediate School District Area Career and Technical Education Proposal,,NON,No,101,101
Hillsdale,"Moscow Township, Precinct 1",President,,DEM,Michael Bennet,0,0
Hillsdale,"Moscow Township, Precinct 1",President,,DEM,Joe Biden,50,50
Hillsdale,"Moscow Township, Precinct 1",President,,DEM,Michael R. Bloomberg,11,11
Hillsdale,"Moscow Township, Precinct 1",President,,DEM,Cory Booker,0,0
Hillsdale,"Moscow Township, Precinct 1",President,,DEM,Pete Buttigieg,3,3
Hillsdale,"Moscow Township, Precinct 1",President,,DEM,Julián Castro,0,0
Hillsdale,"Moscow Township, Precinct 1",President,,DEM,John Delaney,0,0
Hillsdale,"Moscow Township, Precinct 1",President,,DEM,Tulsi Gabbard,1,1
Hillsdale,"Moscow Township, Precinct 1",President,,DEM,Amy Klobuchar,2,2
Hillsdale,"Moscow Township, Precinct 1",President,,DEM,Bernie Sanders,45,45
Hillsdale,"Moscow Township, Precinct 1",President,,DEM,Joe Sestak,0,0
Hillsdale,"Moscow Township, Precinct 1",President,,DEM,Tom Steyer,0,0
Hillsdale,"Moscow Township, Precinct 1",President,,DEM,Elizabeth Warren,2,2
Hillsdale,"Moscow Township, Precinct 1",President,,DEM,Marianne Williamson,0,0
Hillsdale,"Moscow Township, Precinct 1",President,,DEM,Andrew Yang,0,0
Hillsdale,"Moscow Township, Precinct 1",President,,DEM,Uncommitted,3,3
Hillsdale,"Moscow Township, Precinct 1",Ballots Cast,,DEM,,117,117
Hillsdale,"Moscow Township, Precinct 1",President,,REP,Mark Sanford,1,1
Hillsdale,"Moscow Township, Precinct 1",President,,REP,Donald J. Trump,125,125
Hillsdale,"Moscow Township, Precinct 1",President,,REP,Joe Walsh,0,0
Hillsdale,"Moscow Township, Precinct 1",President,,REP,Bill Weld,0,0
Hillsdale,"Moscow Township, Precinct 1",President,,REP,Uncommitted,8,8
Hillsdale,"Moscow Township, Precinct 1",Hillsdale County Intermediate School District Area Career and Technical Education Proposal,,NON,Yes,126,126
Hillsdale,"Moscow Township, Precinct 1",Hillsdale County Intermediate School District Area Career and Technical Education Proposal,,NON,No,114,114
Hillsdale,"Moscow Township, Precinct 1",Ballots Cast,,NON,,240,240
Hillsdale,"Pittsford Township, Precinct 1",President,,DEM,Michael Bennet,0,0
Hillsdale,"Pittsford Township, Precinct 1",President,,DEM,Joe Biden,60,60
Hillsdale,"Pittsford Township, Precinct 1",President,,DEM,Michael R. Bloomberg,0,0
Hillsdale,"Pittsford Township, Precinct 1",President,,DEM,Cory Booker,0,0
Hillsdale,"Pittsford Township, Precinct 1",President,,DEM,Pete Buttigieg,0,0
Hillsdale,"Pittsford Township, Precinct 1",President,,DEM,Julián Castro,0,0
Hillsdale,"Pittsford Township, Precinct 1",President,,DEM,John Delaney,1,1
Hillsdale,"Pittsford Township, Precinct 1",President,,DEM,Tulsi Gabbard,0,0
Hillsdale,"Pittsford Township, Precinct 1",President,,DEM,Amy Klobuchar,1,1
Hillsdale,"Pittsford Township, Precinct 1",President,,DEM,Bernie Sanders,25,25
Hillsdale,"Pittsford Township, Precinct 1",President,,DEM,Joe Sestak,0,0
Hillsdale,"Pittsford Township, Precinct 1",President,,DEM,Tom Steyer,0,0
Hillsdale,"Pittsford Township, Precinct 1",President,,DEM,Elizabeth Warren,0,0
Hillsdale,"Pittsford Township, Precinct 1",President,,DEM,Marianne Williamson,0,0
Hillsdale,"Pittsford Township, Precinct 1",President,,DEM,Andrew Yang,0,0
Hillsdale,"Pittsford Township, Precinct 1",President,,DEM,Uncommitted,1,1
Hillsdale,"Pittsford Township, Precinct 1",Ballots Cast,,DEM,,88,88
Hillsdale,"Pittsford Township, Precinct 1",President,,REP,Mark Sanford,0,0
Hillsdale,"Pittsford Township, Precinct 1",President,,REP,Donald J. Trump,163,163
Hillsdale,"Pittsford Township, Precinct 1",President,,REP,Joe Walsh,1,1
Hillsdale,"Pittsford Township, Precinct 1",President,,REP,Bill Weld,0,0
Hillsdale,"Pittsford Township, Precinct 1",President,,REP,Uncommitted,3,3
Hillsdale,"Pittsford Township, Precinct 1",Pittsford Area Schools Sinking Fund Millage Proposal,,NON,Yes,127,127
Hillsdale,"Pittsford Township, Precinct 1",Pittsford Area Schools Sinking Fund Millage Proposal,,NON,No,78,78
Hillsdale,"Pittsford Township, Precinct 1",Ballots Cast,,NON,,205,205
Hillsdale,"Pittsford Township, Precinct 1",Hillsdale County Intermediate School District Area Career and Technical Education Proposal,,NON,Yes,101,101
Hillsdale,"Pittsford Township, Precinct 1",Hillsdale County Intermediate School District Area Career and Technical Education Proposal,,NON,No,101,101
Hillsdale,"Ransom Township, Precinct 1",President,,DEM,Michael Bennet,0,0
Hillsdale,"Ransom Township, Precinct 1",President,,DEM,Joe Biden,30,30
Hillsdale,"Ransom Township, Precinct 1",President,,DEM,Michael R. Bloomberg,4,4
Hillsdale,"Ransom Township, Precinct 1",President,,DEM,Cory Booker,0,0
Hillsdale,"Ransom Township, Precinct 1",President,,DEM,Pete Buttigieg,0,0
Hillsdale,"Ransom Township, Precinct 1",President,,DEM,Julián Castro,0,0
Hillsdale,"Ransom Township, Precinct 1",President,,DEM,John Delaney,0,0
Hillsdale,"Ransom Township, Precinct 1",President,,DEM,Tulsi Gabbard,0,0
Hillsdale,"Ransom Township, Precinct 1",President,,DEM,Amy Klobuchar,1,1
Hillsdale,"Ransom Township, Precinct 1",President,,DEM,Bernie Sanders,20,20
Hillsdale,"Ransom Township, Precinct 1",President,,DEM,Joe Sestak,0,0
Hillsdale,"Ransom Township, Precinct 1",President,,DEM,Tom Steyer,0,0
Hillsdale,"Ransom Township, Precinct 1",President,,DEM,Elizabeth Warren,0,0
Hillsdale,"Ransom Township, Precinct 1",President,,DEM,Marianne Williamson,0,0
Hillsdale,"Ransom Township, Precinct 1",President,,DEM,Andrew Yang,0,0
Hillsdale,"Ransom Township, Precinct 1",President,,DEM,Uncommitted,0,0
Hillsdale,"Ransom Township, Precinct 1",Ballots Cast,,DEM,,55,55
Hillsdale,"Ransom Township, Precinct 1",President,,REP,Mark Sanford,0,0
Hillsdale,"Ransom Township, Precinct 1",President,,REP,Donald J. Trump,80,80
Hillsdale,"Ransom Township, Precinct 1",President,,REP,Joe Walsh,0,0
Hillsdale,"Ransom Township, Precinct 1",President,,REP,Bill Weld,0,0
Hillsdale,"Ransom Township, Precinct 1",President,,REP,Uncommitted,2,2
Hillsdale,"Ransom Township, Precinct 1",Pittsford Area Schools Sinking Fund Millage Proposal,,NON,Yes,36,36
Hillsdale,"Ransom Township, Precinct 1",Pittsford Area Schools Sinking Fund Millage Proposal,,NON,No,43,43
Hillsdale,"Ransom Township, Precinct 1",Ballots Cast,,NON,,79,79
Hillsdale,"Ransom Township, Precinct 1",Hillsdale County Intermediate School District Area Career and Technical Education Proposal,,NON,Yes,75,75
Hillsdale,"Ransom Township, Precinct 1",Hillsdale County Intermediate School District Area Career and Technical Education Proposal,,NON,No,66,66
Hillsdale,"Reading Township, Precinct 1",President,,DEM,Michael Bennet,0,0
Hillsdale,"Reading Township, Precinct 1",President,,DEM,Joe Biden,94,94
Hillsdale,"Reading Township, Precinct 1",President,,DEM,Michael R. Bloomberg,10,10
Hillsdale,"Reading Township, Precinct 1",President,,DEM,Cory Booker,0,0
Hillsdale,"Reading Township, Precinct 1",President,,DEM,Pete Buttigieg,4,4
Hillsdale,"Reading Township, Precinct 1",President,,DEM,Julián Castro,0,0
Hillsdale,"Reading Township, Precinct 1",President,,DEM,John Delaney,0,0
Hillsdale,"Reading Township, Precinct 1",President,,DEM,Tulsi Gabbard,1,1
Hillsdale,"Reading Township, Precinct 1",President,,DEM,Amy Klobuchar,2,2
Hillsdale,"Reading Township, Precinct 1",President,,DEM,Bernie Sanders,55,55
Hillsdale,"Reading Township, Precinct 1",President,,DEM,Joe Sestak,0,0
Hillsdale,"Reading Township, Precinct 1",President,,DEM,Tom Steyer,0,0
Hillsdale,"Reading Township, Precinct 1",President,,DEM,Elizabeth Warren,4,4
Hillsdale,"Reading Township, Precinct 1",President,,DEM,Marianne Williamson,0,0
Hillsdale,"Reading Township, Precinct 1",President,,DEM,Andrew Yang,0,0
Hillsdale,"Reading Township, Precinct 1",President,,DEM,Uncommitted,2,2
Hillsdale,"Reading Township, Precinct 1",Ballots Cast,,DEM,,172,172
Hillsdale,"Reading Township, Precinct 1",President,,REP,Mark Sanford,0,0
Hillsdale,"Reading Township, Precinct 1",President,,REP,Donald J. Trump,160,160
Hillsdale,"Reading Township, Precinct 1",President,,REP,Joe Walsh,1,1
Hillsdale,"Reading Township, Precinct 1",President,,REP,Bill Weld,2,2
Hillsdale,"Reading Township, Precinct 1",President,,REP,Uncommitted,8,8
Hillsdale,"Reading Township, Precinct 1",Hillsdale County Intermediate School District Area Career and Technical Education Proposal,,NON,Yes,182,182
Hillsdale,"Reading Township, Precinct 1",Hillsdale County Intermediate School District Area Career and Technical Education Proposal,,NON,No,163,163
Hillsdale,"Reading Township, Precinct 1",Ballots Cast,,NON,,345,345
Hillsdale,"Scipio Township, Precinct 1",President,,DEM,Michael Bennet,0,0
Hillsdale,"Scipio Township, Precinct 1",President,,DEM,Joe Biden,49,49
Hillsdale,"Scipio Township, Precinct 1",President,,DEM,Michael R. Bloomberg,5,5
Hillsdale,"Scipio Township, Precinct 1",President,,DEM,Cory Booker,0,0
Hillsdale,"Scipio Township, Precinct 1",President,,DEM,Pete Buttigieg,0,0
Hillsdale,"Scipio Township, Precinct 1",President,,DEM,Julián Castro,0,0
Hillsdale,"Scipio Township, Precinct 1",President,,DEM,John Delaney,0,0
Hillsdale,"Scipio Township, Precinct 1",President,,DEM,Tulsi Gabbard,1,1
Hillsdale,"Scipio Township, Precinct 1",President,,DEM,Amy Klobuchar,2,2
Hillsdale,"Scipio Township, Precinct 1",President,,DEM,Bernie Sanders,30,30
Hillsdale,"Scipio Township, Precinct 1",President,,DEM,Joe Sestak,0,0
Hillsdale,"Scipio Township, Precinct 1",President,,DEM,Tom Steyer,0,0
Hillsdale,"Scipio Township, Precinct 1",President,,DEM,Elizabeth Warren,3,3
Hillsdale,"Scipio Township, Precinct 1",President,,DEM,Marianne Williamson,1,1
Hillsdale,"Scipio Township, Precinct 1",President,,DEM,Andrew Yang,0,0
Hillsdale,"Scipio Township, Precinct 1",President,,DEM,Uncommitted,2,2
Hillsdale,"Scipio Township, Precinct 1",Ballots Cast,,DEM,,93,93
Hillsdale,"Scipio Township, Precinct 1",President,,REP,Mark Sanford,2,2
Hillsdale,"Scipio Township, Precinct 1",President,,REP,Donald J. Trump,146,146
Hillsdale,"Scipio Township, Precinct 1",President,,REP,Joe Walsh,2,2
Hillsdale,"Scipio Township, Precinct 1",President,,REP,Bill Weld,1,1
Hillsdale,"Scipio Township, Precinct 1",President,,REP,Uncommitted,4,4
Hillsdale,"Scipio Township, Precinct 1",Litchfield Community Schools Sinking Fund Millage Proposal,,NON,Yes,9,9
Hillsdale,"Scipio Township, Precinct 1",Litchfield Community Schools Sinking Fund Millage Proposal,,NON,No,20,20
Hillsdale,"Scipio Township, Precinct 1",Ballots Cast,,NON,,29,29
Hillsdale,"Scipio Township, Precinct 1",Hillsdale County Intermediate School District Area Career and Technical Education Proposal,,NON,Yes,136,136
Hillsdale,"Scipio Township, Precinct 1",Hillsdale County Intermediate School District Area Career and Technical Education Proposal,,NON,No,110,110
Hillsdale,"Somerset Township, Precinct 1",President,,DEM,Michael Bennet,0,0
Hillsdale,"Somerset Township, Precinct 1",President,,DEM,Joe Biden,119,119
Hillsdale,"Somerset Township, Precinct 1",President,,DEM,Michael R. Bloomberg,8,8
Hillsdale,"Somerset Township, Precinct 1",President,,DEM,Cory Booker,0,0
Hillsdale,"Somerset Township, Precinct 1",President,,DEM,Pete Buttigieg,6,6
Hillsdale,"Somerset Township, Precinct 1",President,,DEM,Julián Castro,0,0
Hillsdale,"Somerset Township, Precinct 1",President,,DEM,John Delaney,0,0
Hillsdale,"Somerset Township, Precinct 1",President,,DEM,Tulsi Gabbard,1,1
Hillsdale,"Somerset Township, Precinct 1",President,,DEM,Amy Klobuchar,2,2
Hillsdale,"Somerset Township, Precinct 1",President,,DEM,Bernie Sanders,62,62
Hillsdale,"Somerset Township, Precinct 1",President,,DEM,Joe Sestak,0,0
Hillsdale,"Somerset Township, Precinct 1",President,,DEM,Tom Steyer,0,0
Hillsdale,"Somerset Township, Precinct 1",President,,DEM,Elizabeth Warren,1,1
Hillsdale,"Somerset Township, Precinct 1",President,,DEM,Marianne Williamson,0,0
Hillsdale,"Somerset Township, Precinct 1",President,,DEM,Andrew Yang,0,0
Hillsdale,"Somerset Township, Precinct 1",President,,DEM,Uncommitted,3,3
Hillsdale,"Somerset Township, Precinct 1",Ballots Cast,,DEM,,202,202
Hillsdale,"Somerset Township, Precinct 1",President,,REP,Mark Sanford,0,0
Hillsdale,"Somerset Township, Precinct 1",President,,REP,Donald J. Trump,137,137
Hillsdale,"Somerset Township, Precinct 1",President,,REP,Joe Walsh,0,0
Hillsdale,"Somerset Township, Precinct 1",President,,REP,Bill Weld,0,0
Hillsdale,"Somerset Township, Precinct 1",President,,REP,Uncommitted,6,6
Hillsdale,"Somerset Township, Precinct 1",Hillsdale County Intermediate School District Area Career and Technical Education Proposal,,NON,Yes,56,56
Hillsdale,"Somerset Township, Precinct 1",Hillsdale County Intermediate School District Area Career and Technical Education Proposal,,NON,No,41,41
Hillsdale,"Somerset Township, Precinct 1",Ballots Cast,,NON,,97,97
Hillsdale,"Somerset Township, Precinct 2",President,,DEM,Michael Bennet,1,1
Hillsdale,"Somerset Township, Precinct 2",President,,DEM,Joe Biden,172,172
Hillsdale,"Somerset Township, Precinct 2",President,,DEM,Michael R. Bloomberg,9,9
Hillsdale,"Somerset Township, Precinct 2",President,,DEM,Cory Booker,0,0
Hillsdale,"Somerset Township, Precinct 2",President,,DEM,Pete Buttigieg,7,7
Hillsdale,"Somerset Township, Precinct 2",President,,DEM,Julián Castro,0,0
Hillsdale,"Somerset Township, Precinct 2",President,,DEM,John Delaney,0,0
Hillsdale,"Somerset Township, Precinct 2",President,,DEM,Tulsi Gabbard,5,5
Hillsdale,"Somerset Township, Precinct 2",President,,DEM,Amy Klobuchar,1,1
Hillsdale,"Somerset Township, Precinct 2",President,,DEM,Bernie Sanders,69,69
Hillsdale,"Somerset Township, Precinct 2",President,,DEM,Joe Sestak,1,1
Hillsdale,"Somerset Township, Precinct 2",President,,DEM,Tom Steyer,0,0
Hillsdale,"Somerset Township, Precinct 2",President,,DEM,Elizabeth Warren,7,7
Hillsdale,"Somerset Township, Precinct 2",President,,DEM,Marianne Williamson,0,0
Hillsdale,"Somerset Township, Precinct 2",President,,DEM,Andrew Yang,0,0
Hillsdale,"Somerset Township, Precinct 2",President,,DEM,Uncommitted,3,3
Hillsdale,"Somerset Township, Precinct 2",Ballots Cast,,DEM,,275,275
Hillsdale,"Somerset Township, Precinct 2",President,,REP,Mark Sanford,1,1
Hillsdale,"Somerset Township, Precinct 2",President,,REP,Donald J. Trump,143,143
Hillsdale,"Somerset Township, Precinct 2",President,,REP,Joe Walsh,1,1
Hillsdale,"Somerset Township, Precinct 2",President,,REP,Bill Weld,0,0
Hillsdale,"Somerset Township, Precinct 2",President,,REP,Uncommitted,5,5
Hillsdale,"Somerset Township, Precinct 2",Hillsdale County Intermediate School District Area Career and Technical Education Proposal,,NON,Yes,8,8
Hillsdale,"Somerset Township, Precinct 2",Hillsdale County Intermediate School District Area Career and Technical Education Proposal,,NON,No,4,4
Hillsdale,"Somerset Township, Precinct 2",Ballots Cast,,NON,,12,12
Hillsdale,"Wheatland Township, Precinct 1",President,,DEM,Michael Bennet,0,0
Hillsdale,"Wheatland Township, Precinct 1",President,,DEM,Joe Biden,43,43
Hillsdale,"Wheatland Township, Precinct 1",President,,DEM,Michael R. Bloomberg,1,1
Hillsdale,"Wheatland Township, Precinct 1",President,,DEM,Cory Booker,0,0
Hillsdale,"Wheatland Township, Precinct 1",President,,DEM,Pete Buttigieg,2,2
Hillsdale,"Wheatland Township, Precinct 1",President,,DEM,Julián Castro,0,0
Hillsdale,"Wheatland Township, Precinct 1",President,,DEM,John Delaney,0,0
Hillsdale,"Wheatland Township, Precinct 1",President,,DEM,Tulsi Gabbard,0,0
Hillsdale,"Wheatland Township, Precinct 1",President,,DEM,Amy Klobuchar,0,0
Hillsdale,"Wheatland Township, Precinct 1",President,,DEM,Bernie Sanders,32,32
Hillsdale,"Wheatland Township, Precinct 1",President,,DEM,Joe Sestak,0,0
Hillsdale,"Wheatland Township, Precinct 1",President,,DEM,Tom Steyer,0,0
Hillsdale,"Wheatland Township, Precinct 1",President,,DEM,Elizabeth Warren,1,1
Hillsdale,"Wheatland Township, Precinct 1",President,,DEM,Marianne Williamson,0,0
Hillsdale,"Wheatland Township, Precinct 1",President,,DEM,Andrew Yang,0,0
Hillsdale,"Wheatland Township, Precinct 1",President,,DEM,Uncommitted,1,1
Hillsdale,"Wheatland Township, Precinct 1",Ballots Cast,,DEM,,80,80
Hillsdale,"Wheatland Township, Precinct 1",President,,REP,Mark Sanford,1,1
Hillsdale,"Wheatland Township, Precinct 1",President,,REP,Donald J. Trump,124,124
Hillsdale,"Wheatland Township, Precinct 1",President,,REP,Joe Walsh,0,0
Hillsdale,"Wheatland Township, Precinct 1",President,,REP,Bill Weld,2,2
Hillsdale,"Wheatland Township, Precinct 1",President,,REP,Uncommitted,4,4
Hillsdale,"Wheatland Township, Precinct 1",Pittsford Area Schools Sinking Fund Millage Proposal,,NON,Yes,49,49
Hillsdale,"Wheatland Township, Precinct 1",Pittsford Area Schools Sinking Fund Millage Proposal,,NON,No,30,30
Hillsdale,"Wheatland Township, Precinct 1",Ballots Cast,,NON,,79,79
Hillsdale,"Wheatland Township, Precinct 1",Hillsdale County Intermediate School District Area Career and Technical Education Proposal,,NON,Yes,55,55
Hillsdale,"Wheatland Township, Precinct 1",Hillsdale County Intermediate School District Area Career and Technical Education Proposal,,NON,No,52,52
Hillsdale,"Woodbridge Township, Precinct 1",President,,DEM,Michael Bennet,0,0
Hillsdale,"Woodbridge Township, Precinct 1",President,,DEM,Joe Biden,17,17
Hillsdale,"Woodbridge Township, Precinct 1",President,,DEM,Michael R. Bloomberg,0,0
Hillsdale,"Woodbridge Township, Precinct 1",President,,DEM,Cory Booker,0,0
Hillsdale,"Woodbridge Township, Precinct 1",President,,DEM,Pete Buttigieg,0,0
Hillsdale,"Woodbridge Township, Precinct 1",President,,DEM,Julián Castro,0,0
Hillsdale,"Woodbridge Township, Precinct 1",President,,DEM,John Delaney,0,0
Hillsdale,"Woodbridge Township, Precinct 1",President,,DEM,Tulsi Gabbard,1,1
Hillsdale,"Woodbridge Township, Precinct 1",President,,DEM,Amy Klobuchar,0,0
Hillsdale,"Woodbridge Township, Precinct 1",President,,DEM,Bernie Sanders,24,24
Hillsdale,"Woodbridge Township, Precinct 1",President,,DEM,Joe Sestak,1,1
Hillsdale,"Woodbridge Township, Precinct 1",President,,DEM,Tom Steyer,1,1
Hillsdale,"Woodbridge Township, Precinct 1",President,,DEM,Elizabeth Warren,1,1
Hillsdale,"Woodbridge Township, Precinct 1",President,,DEM,Marianne Williamson,0,0
Hillsdale,"Woodbridge Township, Precinct 1",President,,DEM,Andrew Yang,0,0
Hillsdale,"Woodbridge Township, Precinct 1",President,,DEM,Uncommitted,0,0
Hillsdale,"Woodbridge Township, Precinct 1",Ballots Cast,,DEM,,45,45
Hillsdale,"Woodbridge Township, Precinct 1",President,,REP,Mark Sanford,1,1
Hillsdale,"Woodbridge Township, Precinct 1",President,,REP,Donald J. Trump,84,84
Hillsdale,"Woodbridge Township, Precinct 1",President,,REP,Joe Walsh,0,0
Hillsdale,"Woodbridge Township, Precinct 1",President,,REP,Bill Weld,0,0
Hillsdale,"Woodbridge Township, Precinct 1",President,,REP,Uncommitted,4,4
Hillsdale,"Woodbridge Township, Precinct 1",Hillsdale County Intermediate School District Area Career and Technical Education Proposal,,NON,Yes,64,64
Hillsdale,"Woodbridge Township, Precinct 1",Hillsdale County Intermediate School District Area Career and Technical Education Proposal,,NON,No,79,79
Hillsdale,"Woodbridge Township, Precinct 1",Ballots Cast,,NON,,143,143
Hillsdale,"Wright Township, Precinct 1",President,,DEM,Michael Bennet,0,0
Hillsdale,"Wright Township, Precinct 1",President,,DEM,Joe Biden,50,50
Hillsdale,"Wright Township, Precinct 1",President,,DEM,Michael R. Bloomberg,7,7
Hillsdale,"Wright Township, Precinct 1",President,,DEM,Cory Booker,0,0
Hillsdale,"Wright Township, Precinct 1",President,,DEM,Pete Buttigieg,0,0
Hillsdale,"Wright Township, Precinct 1",President,,DEM,Julián Castro,0,0
Hillsdale,"Wright Township, Precinct 1",President,,DEM,John Delaney,0,0
Hillsdale,"Wright Township, Precinct 1",President,,DEM,Tulsi Gabbard,1,1
Hillsdale,"Wright Township, Precinct 1",President,,DEM,Amy Klobuchar,2,2
Hillsdale,"Wright Township, Precinct 1",President,,DEM,Bernie Sanders,35,35
Hillsdale,"Wright Township, Precinct 1",President,,DEM,Joe Sestak,0,0
Hillsdale,"Wright Township, Precinct 1",President,,DEM,Tom Steyer,0,0
Hillsdale,"Wright Township, Precinct 1",President,,DEM,Elizabeth Warren,2,2
Hillsdale,"Wright Township, Precinct 1",President,,DEM,Marianne Williamson,0,0
Hillsdale,"Wright Township, Precinct 1",President,,DEM,Andrew Yang,0,0
Hillsdale,"Wright Township, Precinct 1",President,,DEM,Uncommitted,1,1
Hillsdale,"Wright Township, Precinct 1",Ballots Cast,,DEM,,98,98
Hillsdale,"Wright Township, Precinct 1",President,,REP,Mark Sanford,1,1
Hillsdale,"Wright Township, Precinct 1",President,,REP,Donald J. Trump,136,136
Hillsdale,"Wright Township, Precinct 1",President,,REP,Joe Walsh,1,1
Hillsdale,"Wright Township, Precinct 1",President,,REP,Bill Weld,1,1
Hillsdale,"Wright Township, Precinct 1",President,,REP,Uncommitted,6,6
Hillsdale,"Wright Township, Precinct 1",Pittsford Area Schools Sinking Fund Millage Proposal,,NON,Yes,20,20
Hillsdale,"Wright Township, Precinct 1",Pittsford Area Schools Sinking Fund Millage Proposal,,NON,No,3,3
Hillsdale,"Wright Township, Precinct 1",Ballots Cast,,NON,,23,23
Hillsdale,"Wright Township, Precinct 1",Hillsdale County Intermediate School District Area Career and Technical Education Proposal,,NON,Yes,147,147
Hillsdale,"Wright Township, Precinct 1",Hillsdale County Intermediate School District Area Career and Technical Education Proposal,,NON,No,97,97
