county,precinct,office,district,party,candidates,votes
Gladwin,"City of Beaverton, Precinct 1",Ballots Cast,,,,153
Gladwin,"City of Gladwin, Precinct 1",Ballots Cast,,,,276
Gladwin,"City of Gladwin, Precinct 2",Ballots Cast,,,,289
Gladwin,"Beaverton Township, Precinct 1",Ballots Cast,,,,287
Gladwin,"Bentley Township, Precinct 1",Ballots Cast,,,,145
Gladwin,"Billings Township, Precinct 1",Ballots Cast,,,,480
Gladwin,"Bourret Township, Precinct 1",Ballots Cast,,,,102
Gladwin,"Buckeye Township, Precinct 1",Ballots Cast,,,,209
Gladwin,"Butman Township, Precinct 1",Ballots Cast,,,,702
Gladwin,"Clement Township, Precinct 1",Ballots Cast,,,,194
Gladwin,"Gladwin Township, Precinct 1",Ballots Cast,,,,207
Gladwin,"Grim Township, Precinct 1",Ballots Cast,,,,30
Gladwin,"Grout Township, Precinct 1",Ballots Cast,,,,369
Gladwin,"Hay Township, Precinct 1",Ballots Cast,,,,211
Gladwin,"Sage Township, Precinct 1",Ballots Cast,,,,559
Gladwin,"Secord Township, Precinct 1",Ballots Cast,,,,262
Gladwin,"Sherman Township, Precinct 1",Ballots Cast,,,,228
Gladwin,"Tobacco Township, Precinct 1",Ballots Cast,,,,497
Gladwin,"City of Beaverton, Precinct 1",President,,DEM,Michael Bennet,1
Gladwin,"City of Gladwin, Precinct 1",President,,DEM,Michael Bennet,0
Gladwin,"City of Gladwin, Precinct 2",President,,DEM,Michael Bennet,0
Gladwin,"Beaverton Township, Precinct 1",President,,DEM,Michael Bennet,0
Gladwin,"Bentley Township, Precinct 1",President,,DEM,Michael Bennet,0
Gladwin,"Billings Township, Precinct 1",President,,DEM,Michael Bennet,0
Gladwin,"Bourret Township, Precinct 1",President,,DEM,Michael Bennet,0
Gladwin,"Buckeye Township, Precinct 1",President,,DEM,Michael Bennet,0
Gladwin,"Butman Township, Precinct 1",President,,DEM,Michael Bennet,0
Gladwin,"Clement Township, Precinct 1",President,,DEM,Michael Bennet,0
Gladwin,"Gladwin Township, Precinct 1",President,,DEM,Michael Bennet,0
Gladwin,"Grim Township, Precinct 1",President,,DEM,Michael Bennet,0
Gladwin,"Grout Township, Precinct 1",President,,DEM,Michael Bennet,1
Gladwin,"Hay Township, Precinct 1",President,,DEM,Michael Bennet,0
Gladwin,"Sage Township, Precinct 1",President,,DEM,Michael Bennet,0
Gladwin,"Secord Township, Precinct 1",President,,DEM,Michael Bennet,0
Gladwin,"Sherman Township, Precinct 1",President,,DEM,Michael Bennet,0
Gladwin,"Tobacco Township, Precinct 1",President,,DEM,Michael Bennet,0
Gladwin,"City of Beaverton, Precinct 1",President,,DEM,Joe Biden,47
Gladwin,"City of Gladwin, Precinct 1",President,,DEM,Joe Biden,74
Gladwin,"City of Gladwin, Precinct 2",President,,DEM,Joe Biden,86
Gladwin,"Beaverton Township, Precinct 1",President,,DEM,Joe Biden,63
Gladwin,"Bentley Township, Precinct 1",President,,DEM,Joe Biden,53
Gladwin,"Billings Township, Precinct 1",President,,DEM,Joe Biden,162
Gladwin,"Bourret Township, Precinct 1",President,,DEM,Joe Biden,29
Gladwin,"Buckeye Township, Precinct 1",President,,DEM,Joe Biden,46
Gladwin,"Butman Township, Precinct 1",President,,DEM,Joe Biden,228
Gladwin,"Clement Township, Precinct 1",President,,DEM,Joe Biden,55
Gladwin,"Gladwin Township, Precinct 1",President,,DEM,Joe Biden,39
Gladwin,"Grim Township, Precinct 1",President,,DEM,Joe Biden,12
Gladwin,"Grout Township, Precinct 1",President,,DEM,Joe Biden,83
Gladwin,"Hay Township, Precinct 1",President,,DEM,Joe Biden,79
Gladwin,"Sage Township, Precinct 1",President,,DEM,Joe Biden,130
Gladwin,"Secord Township, Precinct 1",President,,DEM,Joe Biden,98
Gladwin,"Sherman Township, Precinct 1",President,,DEM,Joe Biden,62
Gladwin,"Tobacco Township, Precinct 1",President,,DEM,Joe Biden,145
Gladwin,"City of Beaverton, Precinct 1",President,,DEM,Michael R. Bloomberg,4
Gladwin,"City of Gladwin, Precinct 1",President,,DEM,Michael R. Bloomberg,9
Gladwin,"City of Gladwin, Precinct 2",President,,DEM,Michael R. Bloomberg,3
Gladwin,"Beaverton Township, Precinct 1",President,,DEM,Michael R. Bloomberg,21
Gladwin,"Bentley Township, Precinct 1",President,,DEM,Michael R. Bloomberg,2
Gladwin,"Billings Township, Precinct 1",President,,DEM,Michael R. Bloomberg,21
Gladwin,"Bourret Township, Precinct 1",President,,DEM,Michael R. Bloomberg,4
Gladwin,"Buckeye Township, Precinct 1",President,,DEM,Michael R. Bloomberg,3
Gladwin,"Butman Township, Precinct 1",President,,DEM,Michael R. Bloomberg,26
Gladwin,"Clement Township, Precinct 1",President,,DEM,Michael R. Bloomberg,6
Gladwin,"Gladwin Township, Precinct 1",President,,DEM,Michael R. Bloomberg,3
Gladwin,"Grim Township, Precinct 1",President,,DEM,Michael R. Bloomberg,0
Gladwin,"Grout Township, Precinct 1",President,,DEM,Michael R. Bloomberg,11
Gladwin,"Hay Township, Precinct 1",President,,DEM,Michael R. Bloomberg,4
Gladwin,"Sage Township, Precinct 1",President,,DEM,Michael R. Bloomberg,13
Gladwin,"Secord Township, Precinct 1",President,,DEM,Michael R. Bloomberg,11
Gladwin,"Sherman Township, Precinct 1",President,,DEM,Michael R. Bloomberg,5
Gladwin,"Tobacco Township, Precinct 1",President,,DEM,Michael R. Bloomberg,24
Gladwin,"City of Beaverton, Precinct 1",President,,DEM,Cory Booker,0
Gladwin,"City of Gladwin, Precinct 1",President,,DEM,Cory Booker,0
Gladwin,"City of Gladwin, Precinct 2",President,,DEM,Cory Booker,0
Gladwin,"Beaverton Township, Precinct 1",President,,DEM,Cory Booker,0
Gladwin,"Bentley Township, Precinct 1",President,,DEM,Cory Booker,0
Gladwin,"Billings Township, Precinct 1",President,,DEM,Cory Booker,0
Gladwin,"Bourret Township, Precinct 1",President,,DEM,Cory Booker,1
Gladwin,"Buckeye Township, Precinct 1",President,,DEM,Cory Booker,0
Gladwin,"Butman Township, Precinct 1",President,,DEM,Cory Booker,0
Gladwin,"Clement Township, Precinct 1",President,,DEM,Cory Booker,0
Gladwin,"Gladwin Township, Precinct 1",President,,DEM,Cory Booker,0
Gladwin,"Grim Township, Precinct 1",President,,DEM,Cory Booker,0
Gladwin,"Grout Township, Precinct 1",President,,DEM,Cory Booker,0
Gladwin,"Hay Township, Precinct 1",President,,DEM,Cory Booker,0
Gladwin,"Sage Township, Precinct 1",President,,DEM,Cory Booker,0
Gladwin,"Secord Township, Precinct 1",President,,DEM,Cory Booker,0
Gladwin,"Sherman Township, Precinct 1",President,,DEM,Cory Booker,0
Gladwin,"Tobacco Township, Precinct 1",President,,DEM,Cory Booker,1
Gladwin,"City of Beaverton, Precinct 1",President,,DEM,Pete Buttigieg,0
Gladwin,"City of Gladwin, Precinct 1",President,,DEM,Pete Buttigieg,2
Gladwin,"City of Gladwin, Precinct 2",President,,DEM,Pete Buttigieg,2
Gladwin,"Beaverton Township, Precinct 1",President,,DEM,Pete Buttigieg,2
Gladwin,"Bentley Township, Precinct 1",President,,DEM,Pete Buttigieg,1
Gladwin,"Billings Township, Precinct 1",President,,DEM,Pete Buttigieg,3
Gladwin,"Bourret Township, Precinct 1",President,,DEM,Pete Buttigieg,0
Gladwin,"Buckeye Township, Precinct 1",President,,DEM,Pete Buttigieg,0
Gladwin,"Butman Township, Precinct 1",President,,DEM,Pete Buttigieg,10
Gladwin,"Clement Township, Precinct 1",President,,DEM,Pete Buttigieg,3
Gladwin,"Gladwin Township, Precinct 1",President,,DEM,Pete Buttigieg,3
Gladwin,"Grim Township, Precinct 1",President,,DEM,Pete Buttigieg,0
Gladwin,"Grout Township, Precinct 1",President,,DEM,Pete Buttigieg,3
Gladwin,"Hay Township, Precinct 1",President,,DEM,Pete Buttigieg,1
Gladwin,"Sage Township, Precinct 1",President,,DEM,Pete Buttigieg,4
Gladwin,"Secord Township, Precinct 1",President,,DEM,Pete Buttigieg,1
Gladwin,"Sherman Township, Precinct 1",President,,DEM,Pete Buttigieg,0
Gladwin,"Tobacco Township, Precinct 1",President,,DEM,Pete Buttigieg,1
Gladwin,"City of Beaverton, Precinct 1",President,,DEM,Julian Castro,0
Gladwin,"City of Gladwin, Precinct 1",President,,DEM,Julian Castro,0
Gladwin,"City of Gladwin, Precinct 2",President,,DEM,Julian Castro,0
Gladwin,"Beaverton Township, Precinct 1",President,,DEM,Julian Castro,0
Gladwin,"Bentley Township, Precinct 1",President,,DEM,Julian Castro,0
Gladwin,"Billings Township, Precinct 1",President,,DEM,Julian Castro,1
Gladwin,"Bourret Township, Precinct 1",President,,DEM,Julian Castro,0
Gladwin,"Buckeye Township, Precinct 1",President,,DEM,Julian Castro,0
Gladwin,"Butman Township, Precinct 1",President,,DEM,Julian Castro,0
Gladwin,"Clement Township, Precinct 1",President,,DEM,Julian Castro,0
Gladwin,"Gladwin Township, Precinct 1",President,,DEM,Julian Castro,0
Gladwin,"Grim Township, Precinct 1",President,,DEM,Julian Castro,0
Gladwin,"Grout Township, Precinct 1",President,,DEM,Julian Castro,0
Gladwin,"Hay Township, Precinct 1",President,,DEM,Julian Castro,0
Gladwin,"Sage Township, Precinct 1",President,,DEM,Julian Castro,0
Gladwin,"Secord Township, Precinct 1",President,,DEM,Julian Castro,0
Gladwin,"Sherman Township, Precinct 1",President,,DEM,Julian Castro,0
Gladwin,"Tobacco Township, Precinct 1",President,,DEM,Julian Castro,0
Gladwin,"City of Beaverton, Precinct 1",President,,DEM,John Delaney,0
Gladwin,"City of Gladwin, Precinct 1",President,,DEM,John Delaney,0
Gladwin,"City of Gladwin, Precinct 2",President,,DEM,John Delaney,0
Gladwin,"Beaverton Township, Precinct 1",President,,DEM,John Delaney,0
Gladwin,"Bentley Township, Precinct 1",President,,DEM,John Delaney,0
Gladwin,"Billings Township, Precinct 1",President,,DEM,John Delaney,0
Gladwin,"Bourret Township, Precinct 1",President,,DEM,John Delaney,0
Gladwin,"Buckeye Township, Precinct 1",President,,DEM,John Delaney,0
Gladwin,"Butman Township, Precinct 1",President,,DEM,John Delaney,0
Gladwin,"Clement Township, Precinct 1",President,,DEM,John Delaney,0
Gladwin,"Gladwin Township, Precinct 1",President,,DEM,John Delaney,0
Gladwin,"Grim Township, Precinct 1",President,,DEM,John Delaney,0
Gladwin,"Grout Township, Precinct 1",President,,DEM,John Delaney,0
Gladwin,"Hay Township, Precinct 1",President,,DEM,John Delaney,0
Gladwin,"Sage Township, Precinct 1",President,,DEM,John Delaney,1
Gladwin,"Secord Township, Precinct 1",President,,DEM,John Delaney,0
Gladwin,"Sherman Township, Precinct 1",President,,DEM,John Delaney,0
Gladwin,"Tobacco Township, Precinct 1",President,,DEM,John Delaney,0
Gladwin,"City of Beaverton, Precinct 1",President,,DEM,Tulsi Gabbard,0
Gladwin,"City of Gladwin, Precinct 1",President,,DEM,Tulsi Gabbard,1
Gladwin,"City of Gladwin, Precinct 2",President,,DEM,Tulsi Gabbard,1
Gladwin,"Beaverton Township, Precinct 1",President,,DEM,Tulsi Gabbard,0
Gladwin,"Bentley Township, Precinct 1",President,,DEM,Tulsi Gabbard,0
Gladwin,"Billings Township, Precinct 1",President,,DEM,Tulsi Gabbard,1
Gladwin,"Bourret Township, Precinct 1",President,,DEM,Tulsi Gabbard,0
Gladwin,"Buckeye Township, Precinct 1",President,,DEM,Tulsi Gabbard,0
Gladwin,"Butman Township, Precinct 1",President,,DEM,Tulsi Gabbard,1
Gladwin,"Clement Township, Precinct 1",President,,DEM,Tulsi Gabbard,1
Gladwin,"Gladwin Township, Precinct 1",President,,DEM,Tulsi Gabbard,1
Gladwin,"Grim Township, Precinct 1",President,,DEM,Tulsi Gabbard,0
Gladwin,"Grout Township, Precinct 1",President,,DEM,Tulsi Gabbard,0
Gladwin,"Hay Township, Precinct 1",President,,DEM,Tulsi Gabbard,0
Gladwin,"Sage Township, Precinct 1",President,,DEM,Tulsi Gabbard,5
Gladwin,"Secord Township, Precinct 1",President,,DEM,Tulsi Gabbard,1
Gladwin,"Sherman Township, Precinct 1",President,,DEM,Tulsi Gabbard,0
Gladwin,"Tobacco Township, Precinct 1",President,,DEM,Tulsi Gabbard,4
Gladwin,"City of Beaverton, Precinct 1",President,,DEM,Amy Klobuchar,0
Gladwin,"City of Gladwin, Precinct 1",President,,DEM,Amy Klobuchar,0
Gladwin,"City of Gladwin, Precinct 2",President,,DEM,Amy Klobuchar,0
Gladwin,"Beaverton Township, Precinct 1",President,,DEM,Amy Klobuchar,1
Gladwin,"Bentley Township, Precinct 1",President,,DEM,Amy Klobuchar,0
Gladwin,"Billings Township, Precinct 1",President,,DEM,Amy Klobuchar,1
Gladwin,"Bourret Township, Precinct 1",President,,DEM,Amy Klobuchar,0
Gladwin,"Buckeye Township, Precinct 1",President,,DEM,Amy Klobuchar,0
Gladwin,"Butman Township, Precinct 1",President,,DEM,Amy Klobuchar,7
Gladwin,"Clement Township, Precinct 1",President,,DEM,Amy Klobuchar,2
Gladwin,"Gladwin Township, Precinct 1",President,,DEM,Amy Klobuchar,0
Gladwin,"Grim Township, Precinct 1",President,,DEM,Amy Klobuchar,0
Gladwin,"Grout Township, Precinct 1",President,,DEM,Amy Klobuchar,2
Gladwin,"Hay Township, Precinct 1",President,,DEM,Amy Klobuchar,2
Gladwin,"Sage Township, Precinct 1",President,,DEM,Amy Klobuchar,0
Gladwin,"Secord Township, Precinct 1",President,,DEM,Amy Klobuchar,2
Gladwin,"Sherman Township, Precinct 1",President,,DEM,Amy Klobuchar,1
Gladwin,"Tobacco Township, Precinct 1",President,,DEM,Amy Klobuchar,3
Gladwin,"City of Beaverton, Precinct 1",President,,DEM,Bernie Sanders,31
Gladwin,"City of Gladwin, Precinct 1",President,,DEM,Bernie Sanders,48
Gladwin,"City of Gladwin, Precinct 2",President,,DEM,Bernie Sanders,34
Gladwin,"Beaverton Township, Precinct 1",President,,DEM,Bernie Sanders,36
Gladwin,"Bentley Township, Precinct 1",President,,DEM,Bernie Sanders,34
Gladwin,"Billings Township, Precinct 1",President,,DEM,Bernie Sanders,74
Gladwin,"Bourret Township, Precinct 1",President,,DEM,Bernie Sanders,10
Gladwin,"Buckeye Township, Precinct 1",President,,DEM,Bernie Sanders,20
Gladwin,"Butman Township, Precinct 1",President,,DEM,Bernie Sanders,51
Gladwin,"Clement Township, Precinct 1",President,,DEM,Bernie Sanders,17
Gladwin,"Gladwin Township, Precinct 1",President,,DEM,Bernie Sanders,26
Gladwin,"Grim Township, Precinct 1",President,,DEM,Bernie Sanders,6
Gladwin,"Grout Township, Precinct 1",President,,DEM,Bernie Sanders,42
Gladwin,"Hay Township, Precinct 1",President,,DEM,Bernie Sanders,36
Gladwin,"Sage Township, Precinct 1",President,,DEM,Bernie Sanders,82
Gladwin,"Secord Township, Precinct 1",President,,DEM,Bernie Sanders,27
Gladwin,"Sherman Township, Precinct 1",President,,DEM,Bernie Sanders,21
Gladwin,"Tobacco Township, Precinct 1",President,,DEM,Bernie Sanders,64
Gladwin,"City of Beaverton, Precinct 1",President,,DEM,Joe Sestak,0
Gladwin,"City of Gladwin, Precinct 1",President,,DEM,Joe Sestak,0
Gladwin,"City of Gladwin, Precinct 2",President,,DEM,Joe Sestak,0
Gladwin,"Beaverton Township, Precinct 1",President,,DEM,Joe Sestak,0
Gladwin,"Bentley Township, Precinct 1",President,,DEM,Joe Sestak,0
Gladwin,"Billings Township, Precinct 1",President,,DEM,Joe Sestak,0
Gladwin,"Bourret Township, Precinct 1",President,,DEM,Joe Sestak,0
Gladwin,"Buckeye Township, Precinct 1",President,,DEM,Joe Sestak,0
Gladwin,"Butman Township, Precinct 1",President,,DEM,Joe Sestak,0
Gladwin,"Clement Township, Precinct 1",President,,DEM,Joe Sestak,0
Gladwin,"Gladwin Township, Precinct 1",President,,DEM,Joe Sestak,0
Gladwin,"Grim Township, Precinct 1",President,,DEM,Joe Sestak,0
Gladwin,"Grout Township, Precinct 1",President,,DEM,Joe Sestak,0
Gladwin,"Hay Township, Precinct 1",President,,DEM,Joe Sestak,0
Gladwin,"Sage Township, Precinct 1",President,,DEM,Joe Sestak,0
Gladwin,"Secord Township, Precinct 1",President,,DEM,Joe Sestak,0
Gladwin,"Sherman Township, Precinct 1",President,,DEM,Joe Sestak,0
Gladwin,"Tobacco Township, Precinct 1",President,,DEM,Joe Sestak,0
Gladwin,"City of Beaverton, Precinct 1",President,,DEM,Tom Steyer,1
Gladwin,"City of Gladwin, Precinct 1",President,,DEM,Tom Steyer,0
Gladwin,"City of Gladwin, Precinct 2",President,,DEM,Tom Steyer,0
Gladwin,"Beaverton Township, Precinct 1",President,,DEM,Tom Steyer,0
Gladwin,"Bentley Township, Precinct 1",President,,DEM,Tom Steyer,0
Gladwin,"Billings Township, Precinct 1",President,,DEM,Tom Steyer,1
Gladwin,"Bourret Township, Precinct 1",President,,DEM,Tom Steyer,0
Gladwin,"Buckeye Township, Precinct 1",President,,DEM,Tom Steyer,0
Gladwin,"Butman Township, Precinct 1",President,,DEM,Tom Steyer,0
Gladwin,"Clement Township, Precinct 1",President,,DEM,Tom Steyer,0
Gladwin,"Gladwin Township, Precinct 1",President,,DEM,Tom Steyer,0
Gladwin,"Grim Township, Precinct 1",President,,DEM,Tom Steyer,0
Gladwin,"Grout Township, Precinct 1",President,,DEM,Tom Steyer,0
Gladwin,"Hay Township, Precinct 1",President,,DEM,Tom Steyer,0
Gladwin,"Sage Township, Precinct 1",President,,DEM,Tom Steyer,0
Gladwin,"Secord Township, Precinct 1",President,,DEM,Tom Steyer,0
Gladwin,"Sherman Township, Precinct 1",President,,DEM,Tom Steyer,0
Gladwin,"Tobacco Township, Precinct 1",President,,DEM,Tom Steyer,1
Gladwin,"City of Beaverton, Precinct 1",President,,DEM,Elizabeth Warren,3
Gladwin,"City of Gladwin, Precinct 1",President,,DEM,Elizabeth Warren,2
Gladwin,"City of Gladwin, Precinct 2",President,,DEM,Elizabeth Warren,1
Gladwin,"Beaverton Township, Precinct 1",President,,DEM,Elizabeth Warren,4
Gladwin,"Bentley Township, Precinct 1",President,,DEM,Elizabeth Warren,0
Gladwin,"Billings Township, Precinct 1",President,,DEM,Elizabeth Warren,6
Gladwin,"Bourret Township, Precinct 1",President,,DEM,Elizabeth Warren,1
Gladwin,"Buckeye Township, Precinct 1",President,,DEM,Elizabeth Warren,2
Gladwin,"Butman Township, Precinct 1",President,,DEM,Elizabeth Warren,7
Gladwin,"Clement Township, Precinct 1",President,,DEM,Elizabeth Warren,1
Gladwin,"Gladwin Township, Precinct 1",President,,DEM,Elizabeth Warren,1
Gladwin,"Grim Township, Precinct 1",President,,DEM,Elizabeth Warren,0
Gladwin,"Grout Township, Precinct 1",President,,DEM,Elizabeth Warren,1
Gladwin,"Hay Township, Precinct 1",President,,DEM,Elizabeth Warren,1
Gladwin,"Sage Township, Precinct 1",President,,DEM,Elizabeth Warren,1
Gladwin,"Secord Township, Precinct 1",President,,DEM,Elizabeth Warren,2
Gladwin,"Sherman Township, Precinct 1",President,,DEM,Elizabeth Warren,1
Gladwin,"Tobacco Township, Precinct 1",President,,DEM,Elizabeth Warren,1
Gladwin,"City of Beaverton, Precinct 1",President,,DEM,Marianne Williamson,0
Gladwin,"City of Gladwin, Precinct 1",President,,DEM,Marianne Williamson,0
Gladwin,"City of Gladwin, Precinct 2",President,,DEM,Marianne Williamson,0
Gladwin,"Beaverton Township, Precinct 1",President,,DEM,Marianne Williamson,0
Gladwin,"Bentley Township, Precinct 1",President,,DEM,Marianne Williamson,0
Gladwin,"Billings Township, Precinct 1",President,,DEM,Marianne Williamson,0
Gladwin,"Bourret Township, Precinct 1",President,,DEM,Marianne Williamson,0
Gladwin,"Buckeye Township, Precinct 1",President,,DEM,Marianne Williamson,0
Gladwin,"Butman Township, Precinct 1",President,,DEM,Marianne Williamson,0
Gladwin,"Clement Township, Precinct 1",President,,DEM,Marianne Williamson,0
Gladwin,"Gladwin Township, Precinct 1",President,,DEM,Marianne Williamson,0
Gladwin,"Grim Township, Precinct 1",President,,DEM,Marianne Williamson,0
Gladwin,"Grout Township, Precinct 1",President,,DEM,Marianne Williamson,1
Gladwin,"Hay Township, Precinct 1",President,,DEM,Marianne Williamson,0
Gladwin,"Sage Township, Precinct 1",President,,DEM,Marianne Williamson,0
Gladwin,"Secord Township, Precinct 1",President,,DEM,Marianne Williamson,0
Gladwin,"Sherman Township, Precinct 1",President,,DEM,Marianne Williamson,0
Gladwin,"Tobacco Township, Precinct 1",President,,DEM,Marianne Williamson,0
Gladwin,"City of Beaverton, Precinct 1",President,,DEM,Andrew Yang,0
Gladwin,"City of Gladwin, Precinct 1",President,,DEM,Andrew Yang,2
Gladwin,"City of Gladwin, Precinct 2",President,,DEM,Andrew Yang,2
Gladwin,"Beaverton Township, Precinct 1",President,,DEM,Andrew Yang,0
Gladwin,"Bentley Township, Precinct 1",President,,DEM,Andrew Yang,0
Gladwin,"Billings Township, Precinct 1",President,,DEM,Andrew Yang,0
Gladwin,"Bourret Township, Precinct 1",President,,DEM,Andrew Yang,0
Gladwin,"Buckeye Township, Precinct 1",President,,DEM,Andrew Yang,1
Gladwin,"Butman Township, Precinct 1",President,,DEM,Andrew Yang,0
Gladwin,"Clement Township, Precinct 1",President,,DEM,Andrew Yang,0
Gladwin,"Gladwin Township, Precinct 1",President,,DEM,Andrew Yang,0
Gladwin,"Grim Township, Precinct 1",President,,DEM,Andrew Yang,0
Gladwin,"Grout Township, Precinct 1",President,,DEM,Andrew Yang,2
Gladwin,"Hay Township, Precinct 1",President,,DEM,Andrew Yang,0
Gladwin,"Sage Township, Precinct 1",President,,DEM,Andrew Yang,1
Gladwin,"Secord Township, Precinct 1",President,,DEM,Andrew Yang,0
Gladwin,"Sherman Township, Precinct 1",President,,DEM,Andrew Yang,1
Gladwin,"Tobacco Township, Precinct 1",President,,DEM,Andrew Yang,2
Gladwin,"City of Beaverton, Precinct 1",President,,DEM,Uncommitted,0
Gladwin,"City of Gladwin, Precinct 1",President,,DEM,Uncommitted,2
Gladwin,"City of Gladwin, Precinct 2",President,,DEM,Uncommitted,3
Gladwin,"Beaverton Township, Precinct 1",President,,DEM,Uncommitted,4
Gladwin,"Bentley Township, Precinct 1",President,,DEM,Uncommitted,0
Gladwin,"Billings Township, Precinct 1",President,,DEM,Uncommitted,3
Gladwin,"Bourret Township, Precinct 1",President,,DEM,Uncommitted,3
Gladwin,"Buckeye Township, Precinct 1",President,,DEM,Uncommitted,6
Gladwin,"Butman Township, Precinct 1",President,,DEM,Uncommitted,4
Gladwin,"Clement Township, Precinct 1",President,,DEM,Uncommitted,4
Gladwin,"Gladwin Township, Precinct 1",President,,DEM,Uncommitted,0
Gladwin,"Grim Township, Precinct 1",President,,DEM,Uncommitted,0
Gladwin,"Grout Township, Precinct 1",President,,DEM,Uncommitted,4
Gladwin,"Hay Township, Precinct 1",President,,DEM,Uncommitted,1
Gladwin,"Sage Township, Precinct 1",President,,DEM,Uncommitted,6
Gladwin,"Secord Township, Precinct 1",President,,DEM,Uncommitted,1
Gladwin,"Sherman Township, Precinct 1",President,,DEM,Uncommitted,2
Gladwin,"Tobacco Township, Precinct 1",President,,DEM,Uncommitted,3
Gladwin,"City of Beaverton, Precinct 1",President,,DEM,Unresolved Write-In,0
Gladwin,"City of Gladwin, Precinct 1",President,,DEM,Unresolved Write-In,0
Gladwin,"City of Gladwin, Precinct 2",President,,DEM,Unresolved Write-In,0
Gladwin,"Beaverton Township, Precinct 1",President,,DEM,Unresolved Write-In,0
Gladwin,"Bentley Township, Precinct 1",President,,DEM,Unresolved Write-In,0
Gladwin,"Billings Township, Precinct 1",President,,DEM,Unresolved Write-In,0
Gladwin,"Bourret Township, Precinct 1",President,,DEM,Unresolved Write-In,0
Gladwin,"Buckeye Township, Precinct 1",President,,DEM,Unresolved Write-In,1
Gladwin,"Butman Township, Precinct 1",President,,DEM,Unresolved Write-In,0
Gladwin,"Clement Township, Precinct 1",President,,DEM,Unresolved Write-In,0
Gladwin,"Gladwin Township, Precinct 1",President,,DEM,Unresolved Write-In,0
Gladwin,"Grim Township, Precinct 1",President,,DEM,Unresolved Write-In,0
Gladwin,"Grout Township, Precinct 1",President,,DEM,Unresolved Write-In,0
Gladwin,"Hay Township, Precinct 1",President,,DEM,Unresolved Write-In,0
Gladwin,"Sage Township, Precinct 1",President,,DEM,Unresolved Write-In,0
Gladwin,"Secord Township, Precinct 1",President,,DEM,Unresolved Write-In,0
Gladwin,"Sherman Township, Precinct 1",President,,DEM,Unresolved Write-In,0
Gladwin,"Tobacco Township, Precinct 1",President,,DEM,Unresolved Write-In,0
Gladwin,"City of Beaverton, Precinct 1",President,,REP,Mark Sanford,0
Gladwin,"City of Gladwin, Precinct 1",President,,REP,Mark Sanford,2
Gladwin,"City of Gladwin, Precinct 2",President,,REP,Mark Sanford,0
Gladwin,"Beaverton Township, Precinct 1",President,,REP,Mark Sanford,0
Gladwin,"Bentley Township, Precinct 1",President,,REP,Mark Sanford,0
Gladwin,"Billings Township, Precinct 1",President,,REP,Mark Sanford,1
Gladwin,"Bourret Township, Precinct 1",President,,REP,Mark Sanford,0
Gladwin,"Buckeye Township, Precinct 1",President,,REP,Mark Sanford,0
Gladwin,"Butman Township, Precinct 1",President,,REP,Mark Sanford,2
Gladwin,"Clement Township, Precinct 1",President,,REP,Mark Sanford,0
Gladwin,"Gladwin Township, Precinct 1",President,,REP,Mark Sanford,0
Gladwin,"Grim Township, Precinct 1",President,,REP,Mark Sanford,0
Gladwin,"Grout Township, Precinct 1",President,,REP,Mark Sanford,0
Gladwin,"Hay Township, Precinct 1",President,,REP,Mark Sanford,0
Gladwin,"Sage Township, Precinct 1",President,,REP,Mark Sanford,1
Gladwin,"Secord Township, Precinct 1",President,,REP,Mark Sanford,0
Gladwin,"Sherman Township, Precinct 1",President,,REP,Mark Sanford,1
Gladwin,"Tobacco Township, Precinct 1",President,,REP,Mark Sanford,1
Gladwin,"City of Beaverton, Precinct 1",President,,REP,Donald J. Trump,57
Gladwin,"City of Gladwin, Precinct 1",President,,REP,Donald J. Trump,105
Gladwin,"City of Gladwin, Precinct 2",President,,REP,Donald J. Trump,120
Gladwin,"Beaverton Township, Precinct 1",President,,REP,Donald J. Trump,139
Gladwin,"Bentley Township, Precinct 1",President,,REP,Donald J. Trump,55
Gladwin,"Billings Township, Precinct 1",President,,REP,Donald J. Trump,166
Gladwin,"Bourret Township, Precinct 1",President,,REP,Donald J. Trump,45
Gladwin,"Buckeye Township, Precinct 1",President,,REP,Donald J. Trump,106
Gladwin,"Butman Township, Precinct 1",President,,REP,Donald J. Trump,315
Gladwin,"Clement Township, Precinct 1",President,,REP,Donald J. Trump,95
Gladwin,"Gladwin Township, Precinct 1",President,,REP,Donald J. Trump,114
Gladwin,"Grim Township, Precinct 1",President,,REP,Donald J. Trump,11
Gladwin,"Grout Township, Precinct 1",President,,REP,Donald J. Trump,185
Gladwin,"Hay Township, Precinct 1",President,,REP,Donald J. Trump,70
Gladwin,"Sage Township, Precinct 1",President,,REP,Donald J. Trump,255
Gladwin,"Secord Township, Precinct 1",President,,REP,Donald J. Trump,109
Gladwin,"Sherman Township, Precinct 1",President,,REP,Donald J. Trump,120
Gladwin,"Tobacco Township, Precinct 1",President,,REP,Donald J. Trump,206
Gladwin,"City of Beaverton, Precinct 1",President,,REP,Joe Walsh,2
Gladwin,"City of Gladwin, Precinct 1",President,,REP,Joe Walsh,2
Gladwin,"City of Gladwin, Precinct 2",President,,REP,Joe Walsh,2
Gladwin,"Beaverton Township, Precinct 1",President,,REP,Joe Walsh,0
Gladwin,"Bentley Township, Precinct 1",President,,REP,Joe Walsh,0
Gladwin,"Billings Township, Precinct 1",President,,REP,Joe Walsh,2
Gladwin,"Bourret Township, Precinct 1",President,,REP,Joe Walsh,0
Gladwin,"Buckeye Township, Precinct 1",President,,REP,Joe Walsh,0
Gladwin,"Butman Township, Precinct 1",President,,REP,Joe Walsh,0
Gladwin,"Clement Township, Precinct 1",President,,REP,Joe Walsh,0
Gladwin,"Gladwin Township, Precinct 1",President,,REP,Joe Walsh,0
Gladwin,"Grim Township, Precinct 1",President,,REP,Joe Walsh,1
Gladwin,"Grout Township, Precinct 1",President,,REP,Joe Walsh,0
Gladwin,"Hay Township, Precinct 1",President,,REP,Joe Walsh,2
Gladwin,"Sage Township, Precinct 1",President,,REP,Joe Walsh,1
Gladwin,"Secord Township, Precinct 1",President,,REP,Joe Walsh,0
Gladwin,"Sherman Township, Precinct 1",President,,REP,Joe Walsh,0
Gladwin,"Tobacco Township, Precinct 1",President,,REP,Joe Walsh,0
Gladwin,"City of Beaverton, Precinct 1",President,,REP,Bill Weld,0
Gladwin,"City of Gladwin, Precinct 1",President,,REP,Bill Weld,0
Gladwin,"City of Gladwin, Precinct 2",President,,REP,Bill Weld,0
Gladwin,"Beaverton Township, Precinct 1",President,,REP,Bill Weld,1
Gladwin,"Bentley Township, Precinct 1",President,,REP,Bill Weld,0
Gladwin,"Billings Township, Precinct 1",President,,REP,Bill Weld,0
Gladwin,"Bourret Township, Precinct 1",President,,REP,Bill Weld,0
Gladwin,"Buckeye Township, Precinct 1",President,,REP,Bill Weld,0
Gladwin,"Butman Township, Precinct 1",President,,REP,Bill Weld,0
Gladwin,"Clement Township, Precinct 1",President,,REP,Bill Weld,0
Gladwin,"Gladwin Township, Precinct 1",President,,REP,Bill Weld,0
Gladwin,"Grim Township, Precinct 1",President,,REP,Bill Weld,0
Gladwin,"Grout Township, Precinct 1",President,,REP,Bill Weld,0
Gladwin,"Hay Township, Precinct 1",President,,REP,Bill Weld,0
Gladwin,"Sage Township, Precinct 1",President,,REP,Bill Weld,0
Gladwin,"Secord Township, Precinct 1",President,,REP,Bill Weld,0
Gladwin,"Sherman Township, Precinct 1",President,,REP,Bill Weld,0
Gladwin,"Tobacco Township, Precinct 1",President,,REP,Bill Weld,2
Gladwin,"City of Beaverton, Precinct 1",President,,REP,Uncommitted,0
Gladwin,"City of Gladwin, Precinct 1",President,,REP,Uncommitted,1
Gladwin,"City of Gladwin, Precinct 2",President,,REP,Uncommitted,4
Gladwin,"Beaverton Township, Precinct 1",President,,REP,Uncommitted,3
Gladwin,"Bentley Township, Precinct 1",President,,REP,Uncommitted,0
Gladwin,"Billings Township, Precinct 1",President,,REP,Uncommitted,6
Gladwin,"Bourret Township, Precinct 1",President,,REP,Uncommitted,1
Gladwin,"Buckeye Township, Precinct 1",President,,REP,Uncommitted,5
Gladwin,"Butman Township, Precinct 1",President,,REP,Uncommitted,7
Gladwin,"Clement Township, Precinct 1",President,,REP,Uncommitted,0
Gladwin,"Gladwin Township, Precinct 1",President,,REP,Uncommitted,5
Gladwin,"Grim Township, Precinct 1",President,,REP,Uncommitted,1
Gladwin,"Grout Township, Precinct 1",President,,REP,Uncommitted,3
Gladwin,"Hay Township, Precinct 1",President,,REP,Uncommitted,3
Gladwin,"Sage Township, Precinct 1",President,,REP,Uncommitted,6
Gladwin,"Secord Township, Precinct 1",President,,REP,Uncommitted,0
Gladwin,"Sherman Township, Precinct 1",President,,REP,Uncommitted,1
Gladwin,"Tobacco Township, Precinct 1",President,,REP,Uncommitted,3
Gladwin,"City of Beaverton, Precinct 1",President,,REP,Unresolved Write-In,0
Gladwin,"City of Gladwin, Precinct 1",President,,REP,Unresolved Write-In,0
Gladwin,"City of Gladwin, Precinct 2",President,,REP,Unresolved Write-In,2
Gladwin,"Beaverton Township, Precinct 1",President,,REP,Unresolved Write-In,0
Gladwin,"Bentley Township, Precinct 1",President,,REP,Unresolved Write-In,0
Gladwin,"Billings Township, Precinct 1",President,,REP,Unresolved Write-In,0
Gladwin,"Bourret Township, Precinct 1",President,,REP,Unresolved Write-In,0
Gladwin,"Buckeye Township, Precinct 1",President,,REP,Unresolved Write-In,0
Gladwin,"Butman Township, Precinct 1",President,,REP,Unresolved Write-In,0
Gladwin,"Clement Township, Precinct 1",President,,REP,Unresolved Write-In,1
Gladwin,"Gladwin Township, Precinct 1",President,,REP,Unresolved Write-In,0
Gladwin,"Grim Township, Precinct 1",President,,REP,Unresolved Write-In,0
Gladwin,"Grout Township, Precinct 1",President,,REP,Unresolved Write-In,0
Gladwin,"Hay Township, Precinct 1",President,,REP,Unresolved Write-In,0
Gladwin,"Sage Township, Precinct 1",President,,REP,Unresolved Write-In,0
Gladwin,"Secord Township, Precinct 1",President,,REP,Unresolved Write-In,0
Gladwin,"Sherman Township, Precinct 1",President,,REP,Unresolved Write-In,0
Gladwin,"Tobacco Township, Precinct 1",President,,REP,Unresolved Write-In,0
