county,precinct,office,district,party,candidate,election_day,early_voting,votes
Gogebic,"City of Bessemer, Precinct 1",Ballots Cast,,,,862,172,1034
Gogebic,"City of Ironwood, Precinct 1",Ballots Cast,,,,961,128,1089
Gogebic,"City of Ironwood, Precinct 2",Ballots Cast,,,,1300,172,1472
Gogebic,"City of Wakefield, Precinct 1",Ballots Cast,,,,823,85,908
Gogebic,"Bessemer Township, Precinct 1",Ballots Cast,,,,575,123,698
Gogebic,"Erwin Township, Precinct 1",Ballots Cast,,,,188,26,214
Gogebic,"Ironwood Charter Township, Precinct 1",Ballots Cast,,,,1240,249,1489
Gogebic,"Marenisco Township, Precinct 1",Ballots Cast,,,,352,32,384
Gogebic,"Wakefield Township, Precinct 1",Ballots Cast,,,,170,23,193
Gogebic,"Watersmeet Township, Precinct 1",Ballots Cast,,,,835,58,893
Gogebic,"City of Bessemer, Precinct 1",Registered Voters,,,,,,1812
Gogebic,"City of Ironwood, Precinct 1",Registered Voters,,,,,,1986
Gogebic,"City of Ironwood, Precinct 2",Registered Voters,,,,,,2807
Gogebic,"City of Wakefield, Precinct 1",Registered Voters,,,,,,1480
Gogebic,"Bessemer Township, Precinct 1",Registered Voters,,,,,,1167
Gogebic,"Erwin Township, Precinct 1",Registered Voters,,,,,,320
Gogebic,"Ironwood Charter Township, Precinct 1",Registered Voters,,,,,,1981
Gogebic,"Marenisco Township, Precinct 1",Registered Voters,,,,,,546
Gogebic,"Wakefield Township, Precinct 1",Registered Voters,,,,,,288
Gogebic,"Watersmeet Township, Precinct 1",Registered Voters,,,,,,1596
Gogebic,"City of Bessemer, Precinct 1",Straight Party,,DEM,Democratic,187,22,209
Gogebic,"City of Bessemer, Precinct 1",Straight Party,,REP,Republican,193,57,250
Gogebic,"City of Bessemer, Precinct 1",Straight Party,,LIB,Libertarian,2,1,3
Gogebic,"City of Bessemer, Precinct 1",Straight Party,,GRN,Green,2,1,3
Gogebic,"City of Bessemer, Precinct 1",Straight Party,,NLP,Natural Law,1,0,1
Gogebic,"City of Bessemer, Precinct 1",Straight Party,,WCP,Working Class,6,1,7
Gogebic,"City of Bessemer, Precinct 1",Straight Party,,UST,U.S. Taxpayers,1,0,1
Gogebic,"City of Ironwood, Precinct 1",Straight Party,,DEM,Democratic,212,19,231
Gogebic,"City of Ironwood, Precinct 1",Straight Party,,REP,Republican,220,42,262
Gogebic,"City of Ironwood, Precinct 1",Straight Party,,LIB,Libertarian,2,0,2
Gogebic,"City of Ironwood, Precinct 1",Straight Party,,GRN,Green,2,0,2
Gogebic,"City of Ironwood, Precinct 1",Straight Party,,NLP,Natural Law,3,0,3
Gogebic,"City of Ironwood, Precinct 1",Straight Party,,WCP,Working Class,0,0,0
Gogebic,"City of Ironwood, Precinct 1",Straight Party,,UST,U.S. Taxpayers,1,0,1
Gogebic,"City of Ironwood, Precinct 2",Straight Party,,DEM,Democratic,302,28,330
Gogebic,"City of Ironwood, Precinct 2",Straight Party,,REP,Republican,370,49,419
Gogebic,"City of Ironwood, Precinct 2",Straight Party,,LIB,Libertarian,2,0,2
Gogebic,"City of Ironwood, Precinct 2",Straight Party,,GRN,Green,4,0,4
Gogebic,"City of Ironwood, Precinct 2",Straight Party,,NLP,Natural Law,1,0,1
Gogebic,"City of Ironwood, Precinct 2",Straight Party,,WCP,Working Class,9,0,9
Gogebic,"City of Ironwood, Precinct 2",Straight Party,,UST,U.S. Taxpayers,0,0,0
Gogebic,"City of Wakefield, Precinct 1",Straight Party,,DEM,Democratic,142,9,151
Gogebic,"City of Wakefield, Precinct 1",Straight Party,,REP,Republican,264,39,303
Gogebic,"City of Wakefield, Precinct 1",Straight Party,,LIB,Libertarian,0,0,0
Gogebic,"City of Wakefield, Precinct 1",Straight Party,,GRN,Green,0,1,1
Gogebic,"City of Wakefield, Precinct 1",Straight Party,,NLP,Natural Law,1,0,1
Gogebic,"City of Wakefield, Precinct 1",Straight Party,,WCP,Working Class,5,0,5
Gogebic,"City of Wakefield, Precinct 1",Straight Party,,UST,U.S. Taxpayers,0,0,0
Gogebic,"Bessemer Township, Precinct 1",Straight Party,,DEM,Democratic,98,10,108
Gogebic,"Bessemer Township, Precinct 1",Straight Party,,REP,Republican,149,52,201
Gogebic,"Bessemer Township, Precinct 1",Straight Party,,LIB,Libertarian,1,0,1
Gogebic,"Bessemer Township, Precinct 1",Straight Party,,GRN,Green,0,0,0
Gogebic,"Bessemer Township, Precinct 1",Straight Party,,NLP,Natural Law,2,0,2
Gogebic,"Bessemer Township, Precinct 1",Straight Party,,WCP,Working Class,6,0,6
Gogebic,"Bessemer Township, Precinct 1",Straight Party,,UST,U.S. Taxpayers,1,0,1
Gogebic,"Erwin Township, Precinct 1",Straight Party,,DEM,Democratic,25,2,27
Gogebic,"Erwin Township, Precinct 1",Straight Party,,REP,Republican,48,8,56
Gogebic,"Erwin Township, Precinct 1",Straight Party,,LIB,Libertarian,1,0,1
Gogebic,"Erwin Township, Precinct 1",Straight Party,,GRN,Green,0,0,0
Gogebic,"Erwin Township, Precinct 1",Straight Party,,NLP,Natural Law,0,0,0
Gogebic,"Erwin Township, Precinct 1",Straight Party,,WCP,Working Class,0,0,0
Gogebic,"Erwin Township, Precinct 1",Straight Party,,UST,U.S. Taxpayers,0,0,0
Gogebic,"Ironwood Charter Township, Precinct 1",Straight Party,,DEM,Democratic,173,21,194
Gogebic,"Ironwood Charter Township, Precinct 1",Straight Party,,REP,Republican,268,76,344
Gogebic,"Ironwood Charter Township, Precinct 1",Straight Party,,LIB,Libertarian,3,3,6
Gogebic,"Ironwood Charter Township, Precinct 1",Straight Party,,GRN,Green,2,1,3
Gogebic,"Ironwood Charter Township, Precinct 1",Straight Party,,NLP,Natural Law,3,0,3
Gogebic,"Ironwood Charter Township, Precinct 1",Straight Party,,WCP,Working Class,6,0,6
Gogebic,"Ironwood Charter Township, Precinct 1",Straight Party,,UST,U.S. Taxpayers,1,0,1
Gogebic,"Marenisco Township, Precinct 1",Straight Party,,DEM,Democratic,30,6,36
Gogebic,"Marenisco Township, Precinct 1",Straight Party,,REP,Republican,110,13,123
Gogebic,"Marenisco Township, Precinct 1",Straight Party,,LIB,Libertarian,0,0,0
Gogebic,"Marenisco Township, Precinct 1",Straight Party,,GRN,Green,0,0,0
Gogebic,"Marenisco Township, Precinct 1",Straight Party,,NLP,Natural Law,0,0,0
Gogebic,"Marenisco Township, Precinct 1",Straight Party,,WCP,Working Class,2,0,2
Gogebic,"Marenisco Township, Precinct 1",Straight Party,,UST,U.S. Taxpayers,0,0,0
Gogebic,"Wakefield Township, Precinct 1",Straight Party,,DEM,Democratic,27,1,28
Gogebic,"Wakefield Township, Precinct 1",Straight Party,,REP,Republican,57,11,68
Gogebic,"Wakefield Township, Precinct 1",Straight Party,,LIB,Libertarian,1,0,1
Gogebic,"Wakefield Township, Precinct 1",Straight Party,,GRN,Green,0,0,0
Gogebic,"Wakefield Township, Precinct 1",Straight Party,,NLP,Natural Law,1,0,1
Gogebic,"Wakefield Township, Precinct 1",Straight Party,,WCP,Working Class,0,0,0
Gogebic,"Wakefield Township, Precinct 1",Straight Party,,UST,U.S. Taxpayers,0,0,0
Gogebic,"Watersmeet Township, Precinct 1",Straight Party,,DEM,Democratic,133,5,138
Gogebic,"Watersmeet Township, Precinct 1",Straight Party,,REP,Republican,197,16,213
Gogebic,"Watersmeet Township, Precinct 1",Straight Party,,LIB,Libertarian,1,0,1
Gogebic,"Watersmeet Township, Precinct 1",Straight Party,,GRN,Green,3,0,3
Gogebic,"Watersmeet Township, Precinct 1",Straight Party,,NLP,Natural Law,1,0,1
Gogebic,"Watersmeet Township, Precinct 1",Straight Party,,WCP,Working Class,6,0,6
Gogebic,"Watersmeet Township, Precinct 1",Straight Party,,UST,U.S. Taxpayers,4,0,4
Gogebic,"City of Bessemer, Precinct 1",President,,DEM,Kamala D. Harris,409,49,458
Gogebic,"City of Bessemer, Precinct 1",President,,REP,Donald J. Trump,436,117,553
Gogebic,"City of Bessemer, Precinct 1",President,,LIB,Chase Oliver,2,2,4
Gogebic,"City of Bessemer, Precinct 1",President,,UST,Randall Terry,0,0,0
Gogebic,"City of Bessemer, Precinct 1",President,,GRN,Jill Stein,1,0,1
Gogebic,"City of Bessemer, Precinct 1",President,,NLP,Robert F. Kennedy Jr.,5,1,6
Gogebic,"City of Bessemer, Precinct 1",President,,,Joseph Kishore,0,0,0
Gogebic,"City of Bessemer, Precinct 1",President,,,Cornel West,0,0,0
Gogebic,"City of Bessemer, Precinct 1",President,,,Jay J. Bowman,0,0,0
Gogebic,"City of Bessemer, Precinct 1",President,,,Claudia De la Cruz,0,0,0
Gogebic,"City of Bessemer, Precinct 1",President,,,Cherunda Lynn Fox,0,0,0
Gogebic,"City of Bessemer, Precinct 1",President,,,Peter Sonski,0,0,0
Gogebic,"City of Bessemer, Precinct 1",President,,,Write-ins,4,1,5
Gogebic,"City of Ironwood, Precinct 1",President,,DEM,Kamala D. Harris,482,49,531
Gogebic,"City of Ironwood, Precinct 1",President,,REP,Donald J. Trump,456,78,534
Gogebic,"City of Ironwood, Precinct 1",President,,LIB,Chase Oliver,1,0,1
Gogebic,"City of Ironwood, Precinct 1",President,,UST,Randall Terry,6,0,6
Gogebic,"City of Ironwood, Precinct 1",President,,GRN,Jill Stein,4,0,4
Gogebic,"City of Ironwood, Precinct 1",President,,NLP,Robert F. Kennedy Jr.,5,0,5
Gogebic,"City of Ironwood, Precinct 1",President,,,Joseph Kishore,0,0,0
Gogebic,"City of Ironwood, Precinct 1",President,,,Cornel West,1,0,1
Gogebic,"City of Ironwood, Precinct 1",President,,,Jay J. Bowman,0,0,0
Gogebic,"City of Ironwood, Precinct 1",President,,,Claudia De la Cruz,1,0,1
Gogebic,"City of Ironwood, Precinct 1",President,,,Cherunda Lynn Fox,0,0,0
Gogebic,"City of Ironwood, Precinct 1",President,,,Peter Sonski,0,0,0
Gogebic,"City of Ironwood, Precinct 1",President,,,Write-ins,2,0,2
Gogebic,"City of Ironwood, Precinct 2",President,,DEM,Kamala D. Harris,577,68,645
Gogebic,"City of Ironwood, Precinct 2",President,,REP,Donald J. Trump,697,101,798
Gogebic,"City of Ironwood, Precinct 2",President,,LIB,Chase Oliver,4,2,6
Gogebic,"City of Ironwood, Precinct 2",President,,UST,Randall Terry,1,0,1
Gogebic,"City of Ironwood, Precinct 2",President,,GRN,Jill Stein,8,0,8
Gogebic,"City of Ironwood, Precinct 2",President,,NLP,Robert F. Kennedy Jr.,4,0,4
Gogebic,"City of Ironwood, Precinct 2",President,,,Joseph Kishore,1,0,1
Gogebic,"City of Ironwood, Precinct 2",President,,,Cornel West,0,0,0
Gogebic,"City of Ironwood, Precinct 2",President,,,Jay J. Bowman,0,0,0
Gogebic,"City of Ironwood, Precinct 2",President,,,Claudia De la Cruz,2,0,2
Gogebic,"City of Ironwood, Precinct 2",President,,,Cherunda Lynn Fox,0,0,0
Gogebic,"City of Ironwood, Precinct 2",President,,,Peter Sonski,0,0,0
Gogebic,"City of Ironwood, Precinct 2",President,,,Write-ins,1,0,1
Gogebic,"City of Wakefield, Precinct 1",President,,DEM,Kamala D. Harris,279,23,302
Gogebic,"City of Wakefield, Precinct 1",President,,REP,Donald J. Trump,529,61,590
Gogebic,"City of Wakefield, Precinct 1",President,,LIB,Chase Oliver,1,0,1
Gogebic,"City of Wakefield, Precinct 1",President,,UST,Randall Terry,2,0,2
Gogebic,"City of Wakefield, Precinct 1",President,,GRN,Jill Stein,0,0,0
Gogebic,"City of Wakefield, Precinct 1",President,,NLP,Robert F. Kennedy Jr.,1,0,1
Gogebic,"City of Wakefield, Precinct 1",President,,,Joseph Kishore,0,0,0
Gogebic,"City of Wakefield, Precinct 1",President,,,Cornel West,1,0,1
Gogebic,"City of Wakefield, Precinct 1",President,,,Jay J. Bowman,0,0,0
Gogebic,"City of Wakefield, Precinct 1",President,,,Claudia De la Cruz,0,0,0
Gogebic,"City of Wakefield, Precinct 1",President,,,Cherunda Lynn Fox,0,0,0
Gogebic,"City of Wakefield, Precinct 1",President,,,Peter Sonski,0,0,0
Gogebic,"City of Wakefield, Precinct 1",President,,,Write-ins,1,0,1
Gogebic,"Bessemer Township, Precinct 1",President,,DEM,Kamala D. Harris,219,30,249
Gogebic,"Bessemer Township, Precinct 1",President,,REP,Donald J. Trump,338,92,430
Gogebic,"Bessemer Township, Precinct 1",President,,LIB,Chase Oliver,3,0,3
Gogebic,"Bessemer Township, Precinct 1",President,,UST,Randall Terry,1,0,1
Gogebic,"Bessemer Township, Precinct 1",President,,GRN,Jill Stein,1,0,1
Gogebic,"Bessemer Township, Precinct 1",President,,NLP,Robert F. Kennedy Jr.,3,1,4
Gogebic,"Bessemer Township, Precinct 1",President,,,Joseph Kishore,0,0,0
Gogebic,"Bessemer Township, Precinct 1",President,,,Cornel West,0,0,0
Gogebic,"Bessemer Township, Precinct 1",President,,,Jay J. Bowman,0,0,0
Gogebic,"Bessemer Township, Precinct 1",President,,,Claudia De la Cruz,0,0,0
Gogebic,"Bessemer Township, Precinct 1",President,,,Cherunda Lynn Fox,0,0,0
Gogebic,"Bessemer Township, Precinct 1",President,,,Peter Sonski,0,0,0
Gogebic,"Bessemer Township, Precinct 1",President,,,Write-ins,0,0,0
Gogebic,"Erwin Township, Precinct 1",President,,DEM,Kamala D. Harris,81,6,87
Gogebic,"Erwin Township, Precinct 1",President,,REP,Donald J. Trump,104,19,123
Gogebic,"Erwin Township, Precinct 1",President,,LIB,Chase Oliver,0,0,0
Gogebic,"Erwin Township, Precinct 1",President,,UST,Randall Terry,0,1,1
Gogebic,"Erwin Township, Precinct 1",President,,GRN,Jill Stein,0,0,0
Gogebic,"Erwin Township, Precinct 1",President,,NLP,Robert F. Kennedy Jr.,0,0,0
Gogebic,"Erwin Township, Precinct 1",President,,,Joseph Kishore,1,0,1
Gogebic,"Erwin Township, Precinct 1",President,,,Cornel West,0,0,0
Gogebic,"Erwin Township, Precinct 1",President,,,Jay J. Bowman,0,0,0
Gogebic,"Erwin Township, Precinct 1",President,,,Claudia De la Cruz,0,0,0
Gogebic,"Erwin Township, Precinct 1",President,,,Cherunda Lynn Fox,0,0,0
Gogebic,"Erwin Township, Precinct 1",President,,,Peter Sonski,0,0,0
Gogebic,"Erwin Township, Precinct 1",President,,,Write-ins,1,0,1
Gogebic,"Ironwood Charter Township, Precinct 1",President,,DEM,Kamala D. Harris,497,82,579
Gogebic,"Ironwood Charter Township, Precinct 1",President,,REP,Donald J. Trump,706,166,872
Gogebic,"Ironwood Charter Township, Precinct 1",President,,LIB,Chase Oliver,6,0,6
Gogebic,"Ironwood Charter Township, Precinct 1",President,,UST,Randall Terry,2,0,2
Gogebic,"Ironwood Charter Township, Precinct 1",President,,GRN,Jill Stein,3,0,3
Gogebic,"Ironwood Charter Township, Precinct 1",President,,NLP,Robert F. Kennedy Jr.,12,0,12
Gogebic,"Ironwood Charter Township, Precinct 1",President,,,Joseph Kishore,0,0,0
Gogebic,"Ironwood Charter Township, Precinct 1",President,,,Cornel West,0,0,0
Gogebic,"Ironwood Charter Township, Precinct 1",President,,,Jay J. Bowman,0,0,0
Gogebic,"Ironwood Charter Township, Precinct 1",President,,,Claudia De la Cruz,0,0,0
Gogebic,"Ironwood Charter Township, Precinct 1",President,,,Cherunda Lynn Fox,0,0,0
Gogebic,"Ironwood Charter Township, Precinct 1",President,,,Peter Sonski,0,0,0
Gogebic,"Ironwood Charter Township, Precinct 1",President,,,Write-ins,4,1,5
Gogebic,"Marenisco Township, Precinct 1",President,,DEM,Kamala D. Harris,93,13,106
Gogebic,"Marenisco Township, Precinct 1",President,,REP,Donald J. Trump,250,19,269
Gogebic,"Marenisco Township, Precinct 1",President,,LIB,Chase Oliver,1,0,1
Gogebic,"Marenisco Township, Precinct 1",President,,UST,Randall Terry,0,0,0
Gogebic,"Marenisco Township, Precinct 1",President,,GRN,Jill Stein,1,0,1
Gogebic,"Marenisco Township, Precinct 1",President,,NLP,Robert F. Kennedy Jr.,2,0,2
Gogebic,"Marenisco Township, Precinct 1",President,,,Joseph Kishore,0,0,0
Gogebic,"Marenisco Township, Precinct 1",President,,,Cornel West,0,0,0
Gogebic,"Marenisco Township, Precinct 1",President,,,Jay J. Bowman,0,0,0
Gogebic,"Marenisco Township, Precinct 1",President,,,Claudia De la Cruz,0,0,0
Gogebic,"Marenisco Township, Precinct 1",President,,,Cherunda Lynn Fox,0,0,0
Gogebic,"Marenisco Township, Precinct 1",President,,,Peter Sonski,0,0,0
Gogebic,"Marenisco Township, Precinct 1",President,,,Write-ins,0,0,0
Gogebic,"Wakefield Township, Precinct 1",President,,DEM,Kamala D. Harris,53,8,61
Gogebic,"Wakefield Township, Precinct 1",President,,REP,Donald J. Trump,114,15,129
Gogebic,"Wakefield Township, Precinct 1",President,,LIB,Chase Oliver,1,0,1
Gogebic,"Wakefield Township, Precinct 1",President,,UST,Randall Terry,0,0,0
Gogebic,"Wakefield Township, Precinct 1",President,,GRN,Jill Stein,1,0,1
Gogebic,"Wakefield Township, Precinct 1",President,,NLP,Robert F. Kennedy Jr.,0,0,0
Gogebic,"Wakefield Township, Precinct 1",President,,,Joseph Kishore,0,0,0
Gogebic,"Wakefield Township, Precinct 1",President,,,Cornel West,0,0,0
Gogebic,"Wakefield Township, Precinct 1",President,,,Jay J. Bowman,0,0,0
Gogebic,"Wakefield Township, Precinct 1",President,,,Claudia De la Cruz,0,0,0
Gogebic,"Wakefield Township, Precinct 1",President,,,Cherunda Lynn Fox,0,0,0
Gogebic,"Wakefield Township, Precinct 1",President,,,Peter Sonski,0,0,0
Gogebic,"Wakefield Township, Precinct 1",President,,,Write-ins,1,0,1
Gogebic,"Watersmeet Township, Precinct 1",President,,DEM,Kamala D. Harris,352,15,367
Gogebic,"Watersmeet Township, Precinct 1",President,,REP,Donald J. Trump,463,42,505
Gogebic,"Watersmeet Township, Precinct 1",President,,LIB,Chase Oliver,1,0,1
Gogebic,"Watersmeet Township, Precinct 1",President,,UST,Randall Terry,2,0,2
Gogebic,"Watersmeet Township, Precinct 1",President,,GRN,Jill Stein,3,0,3
Gogebic,"Watersmeet Township, Precinct 1",President,,NLP,Robert F. Kennedy Jr.,3,0,3
Gogebic,"Watersmeet Township, Precinct 1",President,,,Joseph Kishore,1,0,1
Gogebic,"Watersmeet Township, Precinct 1",President,,,Cornel West,1,0,1
Gogebic,"Watersmeet Township, Precinct 1",President,,,Jay J. Bowman,0,0,0
Gogebic,"Watersmeet Township, Precinct 1",President,,,Claudia De la Cruz,0,0,0
Gogebic,"Watersmeet Township, Precinct 1",President,,,Cherunda Lynn Fox,0,0,0
Gogebic,"Watersmeet Township, Precinct 1",President,,,Peter Sonski,0,0,0
Gogebic,"Watersmeet Township, Precinct 1",President,,,Write-ins,3,1,4
Gogebic,"City of Bessemer, Precinct 1",U.S. Senate,,DEM,Elissa Slotkin,403,52,455
Gogebic,"City of Bessemer, Precinct 1",U.S. Senate,,REP,Mike Rogers,399,106,505
Gogebic,"City of Bessemer, Precinct 1",U.S. Senate,,LIB,Joseph Solis-Mullen,9,1,10
Gogebic,"City of Bessemer, Precinct 1",U.S. Senate,,UST,Dave Stein,15,1,16
Gogebic,"City of Bessemer, Precinct 1",U.S. Senate,,GRN,Douglas P. Marsh,4,0,4
Gogebic,"City of Bessemer, Precinct 1",U.S. Senate,,NLP,Doug Dern,5,1,6
Gogebic,"City of Bessemer, Precinct 1",U.S. Senate,,,James Chapman,0,0,0
Gogebic,"City of Bessemer, Precinct 1",U.S. Senate,,,Marcus A. Irvine,0,0,0
Gogebic,"City of Bessemer, Precinct 1",U.S. Senate,,,Valerie Lee Willis,0,0,0
Gogebic,"City of Bessemer, Precinct 1",U.S. Senate,,,Write-ins,1,0,1
Gogebic,"City of Ironwood, Precinct 1",U.S. Senate,,DEM,Elissa Slotkin,473,45,518
Gogebic,"City of Ironwood, Precinct 1",U.S. Senate,,REP,Mike Rogers,410,75,485
Gogebic,"City of Ironwood, Precinct 1",U.S. Senate,,LIB,Joseph Solis-Mullen,11,0,11
Gogebic,"City of Ironwood, Precinct 1",U.S. Senate,,UST,Dave Stein,12,0,12
Gogebic,"City of Ironwood, Precinct 1",U.S. Senate,,GRN,Douglas P. Marsh,7,1,8
Gogebic,"City of Ironwood, Precinct 1",U.S. Senate,,NLP,Doug Dern,5,0,5
Gogebic,"City of Ironwood, Precinct 1",U.S. Senate,,,James Chapman,0,0,0
Gogebic,"City of Ironwood, Precinct 1",U.S. Senate,,,Marcus A. Irvine,0,0,0
Gogebic,"City of Ironwood, Precinct 1",U.S. Senate,,,Valerie Lee Willis,0,0,0
Gogebic,"City of Ironwood, Precinct 1",U.S. Senate,,,Write-ins,4,0,4
Gogebic,"City of Ironwood, Precinct 2",U.S. Senate,,DEM,Elissa Slotkin,539,60,599
Gogebic,"City of Ironwood, Precinct 2",U.S. Senate,,REP,Mike Rogers,647,101,748
Gogebic,"City of Ironwood, Precinct 2",U.S. Senate,,LIB,Joseph Solis-Mullen,17,2,19
Gogebic,"City of Ironwood, Precinct 2",U.S. Senate,,UST,Dave Stein,25,1,26
Gogebic,"City of Ironwood, Precinct 2",U.S. Senate,,GRN,Douglas P. Marsh,14,1,15
Gogebic,"City of Ironwood, Precinct 2",U.S. Senate,,NLP,Doug Dern,9,0,9
Gogebic,"City of Ironwood, Precinct 2",U.S. Senate,,,James Chapman,0,0,0
Gogebic,"City of Ironwood, Precinct 2",U.S. Senate,,,Marcus A. Irvine,0,0,0
Gogebic,"City of Ironwood, Precinct 2",U.S. Senate,,,Valerie Lee Willis,0,0,0
Gogebic,"City of Ironwood, Precinct 2",U.S. Senate,,,Write-ins,7,1,8
Gogebic,"City of Wakefield, Precinct 1",U.S. Senate,,DEM,Elissa Slotkin,278,22,300
Gogebic,"City of Wakefield, Precinct 1",U.S. Senate,,REP,Mike Rogers,480,54,534
Gogebic,"City of Wakefield, Precinct 1",U.S. Senate,,LIB,Joseph Solis-Mullen,8,0,8
Gogebic,"City of Wakefield, Precinct 1",U.S. Senate,,UST,Dave Stein,11,3,14
Gogebic,"City of Wakefield, Precinct 1",U.S. Senate,,GRN,Douglas P. Marsh,4,2,6
Gogebic,"City of Wakefield, Precinct 1",U.S. Senate,,NLP,Doug Dern,5,0,5
Gogebic,"City of Wakefield, Precinct 1",U.S. Senate,,,James Chapman,0,0,0
Gogebic,"City of Wakefield, Precinct 1",U.S. Senate,,,Marcus A. Irvine,0,0,0
Gogebic,"City of Wakefield, Precinct 1",U.S. Senate,,,Valerie Lee Willis,0,0,0
Gogebic,"City of Wakefield, Precinct 1",U.S. Senate,,,Write-ins,3,0,3
Gogebic,"Bessemer Township, Precinct 1",U.S. Senate,,DEM,Elissa Slotkin,222,25,247
Gogebic,"Bessemer Township, Precinct 1",U.S. Senate,,REP,Mike Rogers,305,91,396
Gogebic,"Bessemer Township, Precinct 1",U.S. Senate,,LIB,Joseph Solis-Mullen,7,0,7
Gogebic,"Bessemer Township, Precinct 1",U.S. Senate,,UST,Dave Stein,5,0,5
Gogebic,"Bessemer Township, Precinct 1",U.S. Senate,,GRN,Douglas P. Marsh,5,0,5
Gogebic,"Bessemer Township, Precinct 1",U.S. Senate,,NLP,Doug Dern,4,0,4
Gogebic,"Bessemer Township, Precinct 1",U.S. Senate,,,James Chapman,0,0,0
Gogebic,"Bessemer Township, Precinct 1",U.S. Senate,,,Marcus A. Irvine,0,0,0
Gogebic,"Bessemer Township, Precinct 1",U.S. Senate,,,Valerie Lee Willis,0,0,0
Gogebic,"Bessemer Township, Precinct 1",U.S. Senate,,,Write-ins,2,1,3
Gogebic,"Erwin Township, Precinct 1",U.S. Senate,,DEM,Elissa Slotkin,76,6,82
Gogebic,"Erwin Township, Precinct 1",U.S. Senate,,REP,Mike Rogers,103,19,122
Gogebic,"Erwin Township, Precinct 1",U.S. Senate,,LIB,Joseph Solis-Mullen,2,0,2
Gogebic,"Erwin Township, Precinct 1",U.S. Senate,,UST,Dave Stein,0,0,0
Gogebic,"Erwin Township, Precinct 1",U.S. Senate,,GRN,Douglas P. Marsh,0,1,1
Gogebic,"Erwin Township, Precinct 1",U.S. Senate,,NLP,Doug Dern,1,0,1
Gogebic,"Erwin Township, Precinct 1",U.S. Senate,,,James Chapman,0,0,0
Gogebic,"Erwin Township, Precinct 1",U.S. Senate,,,Marcus A. Irvine,0,0,0
Gogebic,"Erwin Township, Precinct 1",U.S. Senate,,,Valerie Lee Willis,0,0,0
Gogebic,"Erwin Township, Precinct 1",U.S. Senate,,,Write-ins,0,0,0
Gogebic,"Ironwood Charter Township, Precinct 1",U.S. Senate,,DEM,Elissa Slotkin,476,84,560
Gogebic,"Ironwood Charter Township, Precinct 1",U.S. Senate,,REP,Mike Rogers,697,156,853
Gogebic,"Ironwood Charter Township, Precinct 1",U.S. Senate,,LIB,Joseph Solis-Mullen,10,0,10
Gogebic,"Ironwood Charter Township, Precinct 1",U.S. Senate,,UST,Dave Stein,9,2,11
Gogebic,"Ironwood Charter Township, Precinct 1",U.S. Senate,,GRN,Douglas P. Marsh,3,1,4
Gogebic,"Ironwood Charter Township, Precinct 1",U.S. Senate,,NLP,Doug Dern,4,1,5
Gogebic,"Ironwood Charter Township, Precinct 1",U.S. Senate,,,James Chapman,0,0,0
Gogebic,"Ironwood Charter Township, Precinct 1",U.S. Senate,,,Marcus A. Irvine,0,0,0
Gogebic,"Ironwood Charter Township, Precinct 1",U.S. Senate,,,Valerie Lee Willis,0,0,0
Gogebic,"Ironwood Charter Township, Precinct 1",U.S. Senate,,,Write-ins,0,0,0
Gogebic,"Marenisco Township, Precinct 1",U.S. Senate,,DEM,Elissa Slotkin,86,12,98
Gogebic,"Marenisco Township, Precinct 1",U.S. Senate,,REP,Mike Rogers,242,19,261
Gogebic,"Marenisco Township, Precinct 1",U.S. Senate,,LIB,Joseph Solis-Mullen,1,0,1
Gogebic,"Marenisco Township, Precinct 1",U.S. Senate,,UST,Dave Stein,2,0,2
Gogebic,"Marenisco Township, Precinct 1",U.S. Senate,,GRN,Douglas P. Marsh,1,0,1
Gogebic,"Marenisco Township, Precinct 1",U.S. Senate,,NLP,Doug Dern,0,0,0
Gogebic,"Marenisco Township, Precinct 1",U.S. Senate,,,James Chapman,0,0,0
Gogebic,"Marenisco Township, Precinct 1",U.S. Senate,,,Marcus A. Irvine,0,0,0
Gogebic,"Marenisco Township, Precinct 1",U.S. Senate,,,Valerie Lee Willis,0,0,0
Gogebic,"Marenisco Township, Precinct 1",U.S. Senate,,,Write-ins,0,0,0
Gogebic,"Wakefield Township, Precinct 1",U.S. Senate,,DEM,Elissa Slotkin,51,6,57
Gogebic,"Wakefield Township, Precinct 1",U.S. Senate,,REP,Mike Rogers,105,15,120
Gogebic,"Wakefield Township, Precinct 1",U.S. Senate,,LIB,Joseph Solis-Mullen,2,0,2
Gogebic,"Wakefield Township, Precinct 1",U.S. Senate,,UST,Dave Stein,3,0,3
Gogebic,"Wakefield Township, Precinct 1",U.S. Senate,,GRN,Douglas P. Marsh,2,0,2
Gogebic,"Wakefield Township, Precinct 1",U.S. Senate,,NLP,Doug Dern,2,0,2
Gogebic,"Wakefield Township, Precinct 1",U.S. Senate,,,James Chapman,0,0,0
Gogebic,"Wakefield Township, Precinct 1",U.S. Senate,,,Marcus A. Irvine,0,0,0
Gogebic,"Wakefield Township, Precinct 1",U.S. Senate,,,Valerie Lee Willis,0,0,0
Gogebic,"Wakefield Township, Precinct 1",U.S. Senate,,,Write-ins,1,0,1
Gogebic,"Watersmeet Township, Precinct 1",U.S. Senate,,DEM,Elissa Slotkin,321,13,334
Gogebic,"Watersmeet Township, Precinct 1",U.S. Senate,,REP,Mike Rogers,468,44,512
Gogebic,"Watersmeet Township, Precinct 1",U.S. Senate,,LIB,Joseph Solis-Mullen,4,0,4
Gogebic,"Watersmeet Township, Precinct 1",U.S. Senate,,UST,Dave Stein,6,0,6
Gogebic,"Watersmeet Township, Precinct 1",U.S. Senate,,GRN,Douglas P. Marsh,8,0,8
Gogebic,"Watersmeet Township, Precinct 1",U.S. Senate,,NLP,Doug Dern,4,0,4
Gogebic,"Watersmeet Township, Precinct 1",U.S. Senate,,,James Chapman,0,0,0
Gogebic,"Watersmeet Township, Precinct 1",U.S. Senate,,,Marcus A. Irvine,0,0,0
Gogebic,"Watersmeet Township, Precinct 1",U.S. Senate,,,Valerie Lee Willis,0,0,0
Gogebic,"Watersmeet Township, Precinct 1",U.S. Senate,,,Write-ins,1,0,1
Gogebic,"City of Bessemer, Precinct 1",U.S. House,1,DEM,Callie Barr,399,55,454
Gogebic,"City of Bessemer, Precinct 1",U.S. House,1,REP,Jack Bergman,409,104,513
Gogebic,"City of Bessemer, Precinct 1",U.S. House,1,LIB,Andrew Gale,10,2,12
Gogebic,"City of Bessemer, Precinct 1",U.S. House,1,WCP,Liz Hakola,26,4,30
Gogebic,"City of Bessemer, Precinct 1",U.S. House,1,,Write-ins,0,0,0
Gogebic,"City of Ironwood, Precinct 1",U.S. House,1,DEM,Callie Barr,454,42,496
Gogebic,"City of Ironwood, Precinct 1",U.S. House,1,REP,Jack Bergman,438,79,517
Gogebic,"City of Ironwood, Precinct 1",U.S. House,1,LIB,Andrew Gale,13,0,13
Gogebic,"City of Ironwood, Precinct 1",U.S. House,1,WCP,Liz Hakola,18,2,20
Gogebic,"City of Ironwood, Precinct 1",U.S. House,1,,Write-ins,6,0,6
Gogebic,"City of Ironwood, Precinct 2",U.S. House,1,DEM,Callie Barr,552,63,615
Gogebic,"City of Ironwood, Precinct 2",U.S. House,1,REP,Jack Bergman,664,100,764
Gogebic,"City of Ironwood, Precinct 2",U.S. House,1,LIB,Andrew Gale,13,1,14
Gogebic,"City of Ironwood, Precinct 2",U.S. House,1,WCP,Liz Hakola,46,2,48
Gogebic,"City of Ironwood, Precinct 2",U.S. House,1,,Write-ins,5,1,6
Gogebic,"City of Wakefield, Precinct 1",U.S. House,1,DEM,Callie Barr,280,23,303
Gogebic,"City of Wakefield, Precinct 1",U.S. House,1,REP,Jack Bergman,491,55,546
Gogebic,"City of Wakefield, Precinct 1",U.S. House,1,LIB,Andrew Gale,5,1,6
Gogebic,"City of Wakefield, Precinct 1",U.S. House,1,WCP,Liz Hakola,23,2,25
Gogebic,"City of Wakefield, Precinct 1",U.S. House,1,,Write-ins,2,0,2
Gogebic,"Bessemer Township, Precinct 1",U.S. House,1,DEM,Callie Barr,205,28,233
Gogebic,"Bessemer Township, Precinct 1",U.S. House,1,REP,Jack Bergman,319,89,408
Gogebic,"Bessemer Township, Precinct 1",U.S. House,1,LIB,Andrew Gale,8,0,8
Gogebic,"Bessemer Township, Precinct 1",U.S. House,1,WCP,Liz Hakola,21,1,22
Gogebic,"Bessemer Township, Precinct 1",U.S. House,1,,Write-ins,2,1,3
Gogebic,"Erwin Township, Precinct 1",U.S. House,1,DEM,Callie Barr,79,6,85
Gogebic,"Erwin Township, Precinct 1",U.S. House,1,REP,Jack Bergman,101,18,119
Gogebic,"Erwin Township, Precinct 1",U.S. House,1,LIB,Andrew Gale,1,1,2
Gogebic,"Erwin Township, Precinct 1",U.S. House,1,WCP,Liz Hakola,3,1,4
Gogebic,"Erwin Township, Precinct 1",U.S. House,1,,Write-ins,0,0,0
Gogebic,"Ironwood Charter Township, Precinct 1",U.S. House,1,DEM,Callie Barr,465,76,541
Gogebic,"Ironwood Charter Township, Precinct 1",U.S. House,1,REP,Jack Bergman,699,160,859
Gogebic,"Ironwood Charter Township, Precinct 1",U.S. House,1,LIB,Andrew Gale,10,2,12
Gogebic,"Ironwood Charter Township, Precinct 1",U.S. House,1,WCP,Liz Hakola,27,3,30
Gogebic,"Ironwood Charter Township, Precinct 1",U.S. House,1,,Write-ins,2,1,3
Gogebic,"Marenisco Township, Precinct 1",U.S. House,1,DEM,Callie Barr,74,11,85
Gogebic,"Marenisco Township, Precinct 1",U.S. House,1,REP,Jack Bergman,256,20,276
Gogebic,"Marenisco Township, Precinct 1",U.S. House,1,LIB,Andrew Gale,1,0,1
Gogebic,"Marenisco Township, Precinct 1",U.S. House,1,WCP,Liz Hakola,0,0,0
Gogebic,"Marenisco Township, Precinct 1",U.S. House,1,,Write-ins,0,0,0
Gogebic,"Wakefield Township, Precinct 1",U.S. House,1,DEM,Callie Barr,49,6,55
Gogebic,"Wakefield Township, Precinct 1",U.S. House,1,REP,Jack Bergman,106,15,121
Gogebic,"Wakefield Township, Precinct 1",U.S. House,1,LIB,Andrew Gale,1,0,1
Gogebic,"Wakefield Township, Precinct 1",U.S. House,1,WCP,Liz Hakola,7,0,7
Gogebic,"Wakefield Township, Precinct 1",U.S. House,1,,Write-ins,1,0,1
Gogebic,"Watersmeet Township, Precinct 1",U.S. House,1,DEM,Callie Barr,323,14,337
Gogebic,"Watersmeet Township, Precinct 1",U.S. House,1,REP,Jack Bergman,461,42,503
Gogebic,"Watersmeet Township, Precinct 1",U.S. House,1,LIB,Andrew Gale,6,2,8
Gogebic,"Watersmeet Township, Precinct 1",U.S. House,1,WCP,Liz Hakola,21,0,21
Gogebic,"Watersmeet Township, Precinct 1",U.S. House,1,,Write-ins,1,0,1
Gogebic,"City of Bessemer, Precinct 1",County Prosecuting Attorney,,REP,Nicholas J. Jacobs,621,143,764
Gogebic,"City of Bessemer, Precinct 1",County Prosecuting Attorney,,,Write-ins,23,0,23
Gogebic,"City of Ironwood, Precinct 1",County Prosecuting Attorney,,REP,Nicholas J. Jacobs,690,95,785
Gogebic,"City of Ironwood, Precinct 1",County Prosecuting Attorney,,,Write-ins,19,2,21
Gogebic,"City of Ironwood, Precinct 2",County Prosecuting Attorney,,REP,Nicholas J. Jacobs,933,132,1065
Gogebic,"City of Ironwood, Precinct 2",County Prosecuting Attorney,,,Write-ins,37,3,40
Gogebic,"City of Wakefield, Precinct 1",County Prosecuting Attorney,,REP,Nicholas J. Jacobs,641,65,706
Gogebic,"City of Wakefield, Precinct 1",County Prosecuting Attorney,,,Write-ins,10,1,11
Gogebic,"Bessemer Township, Precinct 1",County Prosecuting Attorney,,REP,Nicholas J. Jacobs,412,98,510
Gogebic,"Bessemer Township, Precinct 1",County Prosecuting Attorney,,,Write-ins,15,1,16
Gogebic,"Erwin Township, Precinct 1",County Prosecuting Attorney,,REP,Nicholas J. Jacobs,152,19,171
Gogebic,"Erwin Township, Precinct 1",County Prosecuting Attorney,,,Write-ins,0,1,1
Gogebic,"Ironwood Charter Township, Precinct 1",County Prosecuting Attorney,,REP,Nicholas J. Jacobs,965,195,1160
Gogebic,"Ironwood Charter Township, Precinct 1",County Prosecuting Attorney,,,Write-ins,17,6,23
Gogebic,"Marenisco Township, Precinct 1",County Prosecuting Attorney,,REP,Nicholas J. Jacobs,281,24,305
Gogebic,"Marenisco Township, Precinct 1",County Prosecuting Attorney,,,Write-ins,1,0,1
Gogebic,"Wakefield Township, Precinct 1",County Prosecuting Attorney,,REP,Nicholas J. Jacobs,132,18,150
Gogebic,"Wakefield Township, Precinct 1",County Prosecuting Attorney,,,Write-ins,2,0,2
Gogebic,"Watersmeet Township, Precinct 1",County Prosecuting Attorney,,REP,Nicholas J. Jacobs,572,46,618
Gogebic,"Watersmeet Township, Precinct 1",County Prosecuting Attorney,,,Write-ins,10,0,10
Gogebic,"City of Bessemer, Precinct 1",County Sheriff,,DEM,Gabe Justiniak,236,35,271
Gogebic,"City of Bessemer, Precinct 1",County Sheriff,,REP,Jorge H. Cruz,613,136,749
Gogebic,"City of Bessemer, Precinct 1",County Sheriff,,,Write-ins,3,0,3
Gogebic,"City of Ironwood, Precinct 1",County Sheriff,,DEM,Gabe Justiniak,340,33,373
Gogebic,"City of Ironwood, Precinct 1",County Sheriff,,REP,Jorge H. Cruz,608,93,701
Gogebic,"City of Ironwood, Precinct 1",County Sheriff,,,Write-ins,6,0,6
Gogebic,"City of Ironwood, Precinct 2",County Sheriff,,DEM,Gabe Justiniak,490,43,533
Gogebic,"City of Ironwood, Precinct 2",County Sheriff,,REP,Jorge H. Cruz,794,127,921
Gogebic,"City of Ironwood, Precinct 2",County Sheriff,,,Write-ins,4,0,4
Gogebic,"City of Wakefield, Precinct 1",County Sheriff,,DEM,Gabe Justiniak,213,15,228
Gogebic,"City of Wakefield, Precinct 1",County Sheriff,,REP,Jorge H. Cruz,599,68,667
Gogebic,"City of Wakefield, Precinct 1",County Sheriff,,,Write-ins,0,1,1
Gogebic,"Bessemer Township, Precinct 1",County Sheriff,,DEM,Gabe Justiniak,169,18,187
Gogebic,"Bessemer Township, Precinct 1",County Sheriff,,REP,Jorge H. Cruz,392,104,496
Gogebic,"Bessemer Township, Precinct 1",County Sheriff,,,Write-ins,3,0,3
Gogebic,"Erwin Township, Precinct 1",County Sheriff,,DEM,Gabe Justiniak,44,4,48
Gogebic,"Erwin Township, Precinct 1",County Sheriff,,REP,Jorge H. Cruz,143,19,162
Gogebic,"Erwin Township, Precinct 1",County Sheriff,,,Write-ins,0,1,1
Gogebic,"Ironwood Charter Township, Precinct 1",County Sheriff,,DEM,Gabe Justiniak,348,55,403
Gogebic,"Ironwood Charter Township, Precinct 1",County Sheriff,,REP,Jorge H. Cruz,870,190,1060
Gogebic,"Ironwood Charter Township, Precinct 1",County Sheriff,,,Write-ins,4,0,4
Gogebic,"Marenisco Township, Precinct 1",County Sheriff,,DEM,Gabe Justiniak,80,10,90
Gogebic,"Marenisco Township, Precinct 1",County Sheriff,,REP,Jorge H. Cruz,261,22,283
Gogebic,"Marenisco Township, Precinct 1",County Sheriff,,,Write-ins,1,0,1
Gogebic,"Wakefield Township, Precinct 1",County Sheriff,,DEM,Gabe Justiniak,51,3,54
Gogebic,"Wakefield Township, Precinct 1",County Sheriff,,REP,Jorge H. Cruz,116,18,134
Gogebic,"Wakefield Township, Precinct 1",County Sheriff,,,Write-ins,1,0,1
Gogebic,"Watersmeet Township, Precinct 1",County Sheriff,,DEM,Gabe Justiniak,278,11,289
Gogebic,"Watersmeet Township, Precinct 1",County Sheriff,,REP,Jorge H. Cruz,515,47,562
Gogebic,"Watersmeet Township, Precinct 1",County Sheriff,,,Write-ins,1,0,1
Gogebic,"City of Bessemer, Precinct 1",County Clerk and Register of Deeds,,REP,Erin Berg,624,137,761
Gogebic,"City of Bessemer, Precinct 1",County Clerk and Register of Deeds,,,Write-ins,16,0,16
Gogebic,"City of Ironwood, Precinct 1",County Clerk and Register of Deeds,,REP,Erin Berg,666,96,762
Gogebic,"City of Ironwood, Precinct 1",County Clerk and Register of Deeds,,,Write-ins,19,2,21
Gogebic,"City of Ironwood, Precinct 2",County Clerk and Register of Deeds,,REP,Erin Berg,925,132,1057
Gogebic,"City of Ironwood, Precinct 2",County Clerk and Register of Deeds,,,Write-ins,32,3,35
Gogebic,"City of Wakefield, Precinct 1",County Clerk and Register of Deeds,,REP,Erin Berg,665,66,731
Gogebic,"City of Wakefield, Precinct 1",County Clerk and Register of Deeds,,,Write-ins,11,0,11
Gogebic,"Bessemer Township, Precinct 1",County Clerk and Register of Deeds,,REP,Erin Berg,430,101,531
Gogebic,"Bessemer Township, Precinct 1",County Clerk and Register of Deeds,,,Write-ins,12,1,13
Gogebic,"Erwin Township, Precinct 1",County Clerk and Register of Deeds,,REP,Erin Berg,149,17,166
Gogebic,"Erwin Township, Precinct 1",County Clerk and Register of Deeds,,,Write-ins,1,2,3
Gogebic,"Ironwood Charter Township, Precinct 1",County Clerk and Register of Deeds,,REP,Erin Berg,945,190,1135
Gogebic,"Ironwood Charter Township, Precinct 1",County Clerk and Register of Deeds,,,Write-ins,11,7,18
Gogebic,"Marenisco Township, Precinct 1",County Clerk and Register of Deeds,,REP,Erin Berg,272,23,295
Gogebic,"Marenisco Township, Precinct 1",County Clerk and Register of Deeds,,,Write-ins,2,0,2
Gogebic,"Wakefield Township, Precinct 1",County Clerk and Register of Deeds,,REP,Erin Berg,137,19,156
Gogebic,"Wakefield Township, Precinct 1",County Clerk and Register of Deeds,,,Write-ins,1,0,1
Gogebic,"Watersmeet Township, Precinct 1",County Clerk and Register of Deeds,,REP,Erin Berg,580,48,628
Gogebic,"Watersmeet Township, Precinct 1",County Clerk and Register of Deeds,,,Write-ins,10,0,10
Gogebic,"City of Bessemer, Precinct 1",County Treasurer,,REP,Lisa Hewitt,627,134,761
Gogebic,"City of Bessemer, Precinct 1",County Treasurer,,,Write-ins,13,0,13
Gogebic,"City of Ironwood, Precinct 1",County Treasurer,,REP,Lisa Hewitt,677,100,777
Gogebic,"City of Ironwood, Precinct 1",County Treasurer,,,Write-ins,17,2,19
Gogebic,"City of Ironwood, Precinct 2",County Treasurer,,REP,Lisa Hewitt,955,132,1087
Gogebic,"City of Ironwood, Precinct 2",County Treasurer,,,Write-ins,35,3,38
Gogebic,"City of Wakefield, Precinct 1",County Treasurer,,REP,Lisa Hewitt,647,67,714
Gogebic,"City of Wakefield, Precinct 1",County Treasurer,,,Write-ins,11,0,11
Gogebic,"Bessemer Township, Precinct 1",County Treasurer,,REP,Lisa Hewitt,429,96,525
Gogebic,"Bessemer Township, Precinct 1",County Treasurer,,,Write-ins,10,0,10
Gogebic,"Erwin Township, Precinct 1",County Treasurer,,REP,Lisa Hewitt,149,20,169
Gogebic,"Erwin Township, Precinct 1",County Treasurer,,,Write-ins,0,3,3
Gogebic,"Ironwood Charter Township, Precinct 1",County Treasurer,,REP,Lisa Hewitt,959,198,1157
Gogebic,"Ironwood Charter Township, Precinct 1",County Treasurer,,,Write-ins,11,4,15
Gogebic,"Marenisco Township, Precinct 1",County Treasurer,,REP,Lisa Hewitt,270,23,293
Gogebic,"Marenisco Township, Precinct 1",County Treasurer,,,Write-ins,2,0,2
Gogebic,"Wakefield Township, Precinct 1",County Treasurer,,REP,Lisa Hewitt,131,18,149
Gogebic,"Wakefield Township, Precinct 1",County Treasurer,,,Write-ins,1,0,1
Gogebic,"Watersmeet Township, Precinct 1",County Treasurer,,REP,Lisa Hewitt,564,45,609
Gogebic,"Watersmeet Township, Precinct 1",County Treasurer,,,Write-ins,8,0,8
Gogebic,"City of Bessemer, Precinct 1",County Mine Inspector,,,Write-ins,64,11,75
Gogebic,"City of Ironwood, Precinct 1",County Mine Inspector,,,Write-ins,58,6,64
Gogebic,"City of Ironwood, Precinct 2",County Mine Inspector,,,Write-ins,102,12,114
Gogebic,"City of Wakefield, Precinct 1",County Mine Inspector,,,Write-ins,41,6,47
Gogebic,"Bessemer Township, Precinct 1",County Mine Inspector,,,Write-ins,38,4,42
Gogebic,"Erwin Township, Precinct 1",County Mine Inspector,,,Write-ins,5,2,7
Gogebic,"Ironwood Charter Township, Precinct 1",County Mine Inspector,,,Write-ins,49,7,56
Gogebic,"Marenisco Township, Precinct 1",County Mine Inspector,,,Write-ins,15,4,19
Gogebic,"Wakefield Township, Precinct 1",County Mine Inspector,,,Write-ins,7,1,8
Gogebic,"Watersmeet Township, Precinct 1",County Mine Inspector,,,Write-ins,40,1,41
Gogebic,"City of Bessemer, Precinct 1",County Drain Commissioner,,,Dan Wood,4,0,4
Gogebic,"City of Bessemer, Precinct 1",County Drain Commissioner,,,Write-ins,55,10,65
Gogebic,"City of Ironwood, Precinct 1",County Drain Commissioner,,,Dan Wood,1,0,1
Gogebic,"City of Ironwood, Precinct 1",County Drain Commissioner,,,Write-ins,51,4,55
Gogebic,"City of Ironwood, Precinct 2",County Drain Commissioner,,,Dan Wood,101,0,101
Gogebic,"City of Ironwood, Precinct 2",County Drain Commissioner,,,Write-ins,0,12,12
Gogebic,"City of Wakefield, Precinct 1",County Drain Commissioner,,,Dan Wood,0,0,0
Gogebic,"City of Wakefield, Precinct 1",County Drain Commissioner,,,Write-ins,35,6,41
Gogebic,"Bessemer Township, Precinct 1",County Drain Commissioner,,,Dan Wood,0,0,0
Gogebic,"Bessemer Township, Precinct 1",County Drain Commissioner,,,Write-ins,33,2,35
Gogebic,"Erwin Township, Precinct 1",County Drain Commissioner,,,Dan Wood,0,0,0
Gogebic,"Erwin Township, Precinct 1",County Drain Commissioner,,,Write-ins,3,1,4
Gogebic,"Ironwood Charter Township, Precinct 1",County Drain Commissioner,,,Dan Wood,0,0,0
Gogebic,"Ironwood Charter Township, Precinct 1",County Drain Commissioner,,,Write-ins,41,7,48
Gogebic,"Marenisco Township, Precinct 1",County Drain Commissioner,,,Dan Wood,0,0,0
Gogebic,"Marenisco Township, Precinct 1",County Drain Commissioner,,,Write-ins,19,4,23
Gogebic,"Wakefield Township, Precinct 1",County Drain Commissioner,,,Dan Wood,0,0,0
Gogebic,"Wakefield Township, Precinct 1",County Drain Commissioner,,,Write-ins,9,1,10
Gogebic,"Watersmeet Township, Precinct 1",County Drain Commissioner,,,Dan Wood,0,0,0
Gogebic,"Watersmeet Township, Precinct 1",County Drain Commissioner,,,Write-ins,30,1,31