,County,Precinct,Office,District,Candidate,Votes
0,Van Buren,Almena Township Precinct 1,President/Vice Pres,,Joseph R. Biden,876
1,Van Buren,Almena Township Precinct 1,President/Vice Pres,,Donald J. Trump,"1,079"
2,Van Buren,Almena Township Precinct 1,President/Vice Pres,,Jo Jorgensen,32
3,Van Buren,Almena Township Precinct 1,President/Vice Pres,,Don Blankenship,3
4,Van Buren,Almena Township Precinct 1,President/Vice Pres,,Howie Hawkins,1
5,Van Buren,Almena Township Precinct 1,President/Vice Pres,,Rocky De La Fuente,0
6,Van Buren,Almena Township Precinct 1,President/Vice Pres,,Total write-in,6
7,Van Buren,Almena Township Precinct 2,President/Vice Pres,,Joseph R. Biden,625
8,Van Buren,Almena Township Precinct 2,President/Vice Pres,,Donald J. Trump,734
9,Van Buren,Almena Township Precinct 2,President/Vice Pres,,Jo Jorgensen,14
10,Van Buren,Almena Township Precinct 2,President/Vice Pres,,Don Blankenship,1
11,Van Buren,Almena Township Precinct 2,President/Vice Pres,,Howie Hawkins,2
12,Van Buren,Almena Township Precinct 2,President/Vice Pres,,Rocky De La Fuente,0
13,Van Buren,Almena Township Precinct 2,President/Vice Pres,,Total write-in,5
14,Van Buren,Antwerp Township Precinct 1,President/Vice Pres,,Joseph R. Biden,538
15,Van Buren,Antwerp Township Precinct 1,President/Vice Pres,,Donald J. Trump,622
16,Van Buren,Antwerp Township Precinct 1,President/Vice Pres,,Jo Jorgensen,18
17,Van Buren,Antwerp Township Precinct 1,President/Vice Pres,,Don Blankenship,1
18,Van Buren,Antwerp Township Precinct 1,President/Vice Pres,,Howie Hawkins,2
19,Van Buren,Antwerp Township Precinct 1,President/Vice Pres,,Rocky De La Fuente,1
20,Van Buren,Antwerp Township Precinct 1,President/Vice Pres,,Total write-in,5
21,Van Buren,Antwerp Township Precinct 2,President/Vice Pres,,Joseph R. Biden,922
22,Van Buren,Antwerp Township Precinct 2,President/Vice Pres,,Donald J. Trump,"1,059"
23,Van Buren,Antwerp Township Precinct 2,President/Vice Pres,,Jo Jorgensen,30
24,Van Buren,Antwerp Township Precinct 2,President/Vice Pres,,Don Blankenship,3
25,Van Buren,Antwerp Township Precinct 2,President/Vice Pres,,Howie Hawkins,5
26,Van Buren,Antwerp Township Precinct 2,President/Vice Pres,,Rocky De La Fuente,1
27,Van Buren,Antwerp Township Precinct 2,President/Vice Pres,,Total write-in,3
28,Van Buren,Antwerp Township Precinct 3,President/Vice Pres,,Joseph R. Biden,493
29,Van Buren,Antwerp Township Precinct 3,President/Vice Pres,,Donald J. Trump,666
30,Van Buren,Antwerp Township Precinct 3,President/Vice Pres,,Jo Jorgensen,21
31,Van Buren,Antwerp Township Precinct 3,President/Vice Pres,,Don Blankenship,0
32,Van Buren,Antwerp Township Precinct 3,President/Vice Pres,,Howie Hawkins,0
33,Van Buren,Antwerp Township Precinct 3,President/Vice Pres,,Rocky De La Fuente,0
34,Van Buren,Antwerp Township Precinct 3,President/Vice Pres,,Total write-in,1
35,Van Buren,Antwerp Township Precinct 4,President/Vice Pres,,Joseph R. Biden,624
36,Van Buren,Antwerp Township Precinct 4,President/Vice Pres,,Donald J. Trump,674
37,Van Buren,Antwerp Township Precinct 4,President/Vice Pres,,Jo Jorgensen,18
38,Van Buren,Antwerp Township Precinct 4,President/Vice Pres,,Don Blankenship,4
39,Van Buren,Antwerp Township Precinct 4,President/Vice Pres,,Howie Hawkins,3
40,Van Buren,Antwerp Township Precinct 4,President/Vice Pres,,Rocky De La Fuente,0
41,Van Buren,Antwerp Township Precinct 4,President/Vice Pres,,Total write-in,2
42,Van Buren,Antwerp Township Precinct 5,President/Vice Pres,,Joseph R. Biden,735
43,Van Buren,Antwerp Township Precinct 5,President/Vice Pres,,Donald J. Trump,999
44,Van Buren,Antwerp Township Precinct 5,President/Vice Pres,,Jo Jorgensen,29
45,Van Buren,Antwerp Township Precinct 5,President/Vice Pres,,Don Blankenship,4
46,Van Buren,Antwerp Township Precinct 5,President/Vice Pres,,Howie Hawkins,2
47,Van Buren,Antwerp Township Precinct 5,President/Vice Pres,,Rocky De La Fuente,0
48,Van Buren,Antwerp Township Precinct 5,President/Vice Pres,,Total write-in,6
49,Van Buren,Arlington Township Precinct 1,President/Vice Pres,,Joseph R. Biden,362
50,Van Buren,Arlington Township Precinct 1,President/Vice Pres,,Donald J. Trump,580
51,Van Buren,Arlington Township Precinct 1,President/Vice Pres,,Jo Jorgensen,15
52,Van Buren,Arlington Township Precinct 1,President/Vice Pres,,Don Blankenship,0
53,Van Buren,Arlington Township Precinct 1,President/Vice Pres,,Howie Hawkins,3
54,Van Buren,Arlington Township Precinct 1,President/Vice Pres,,Rocky De La Fuente,0
55,Van Buren,Arlington Township Precinct 1,President/Vice Pres,,Total write-in,2
56,Van Buren,Bangor Township Precinct 1,President/Vice Pres,,Joseph R. Biden,256
57,Van Buren,Bangor Township Precinct 1,President/Vice Pres,,Donald J. Trump,576
58,Van Buren,Bangor Township Precinct 1,President/Vice Pres,,Jo Jorgensen,6
59,Van Buren,Bangor Township Precinct 1,President/Vice Pres,,Don Blankenship,0
60,Van Buren,Bangor Township Precinct 1,President/Vice Pres,,Howie Hawkins,2
61,Van Buren,Bangor Township Precinct 1,President/Vice Pres,,Rocky De La Fuente,0
62,Van Buren,Bangor Township Precinct 1,President/Vice Pres,,Total write-in,0
63,Van Buren,Bloomingdale Township Precinct 1,President/Vice Pres,,Joseph R. Biden,540
64,Van Buren,Bloomingdale Township Precinct 1,President/Vice Pres,,Donald J. Trump,934
65,Van Buren,Bloomingdale Township Precinct 1,President/Vice Pres,,Jo Jorgensen,22
66,Van Buren,Bloomingdale Township Precinct 1,President/Vice Pres,,Don Blankenship,3
67,Van Buren,Bloomingdale Township Precinct 1,President/Vice Pres,,Howie Hawkins,5
68,Van Buren,Bloomingdale Township Precinct 1,President/Vice Pres,,Rocky De La Fuente,0
69,Van Buren,Bloomingdale Township Precinct 1,President/Vice Pres,,Total write-in,5
70,Van Buren,City of Bangor Precinct 1,President/Vice Pres,,Joseph R. Biden,355
71,Van Buren,City of Bangor Precinct 1,President/Vice Pres,,Donald J. Trump,350
72,Van Buren,City of Bangor Precinct 1,President/Vice Pres,,Jo Jorgensen,14
73,Van Buren,City of Bangor Precinct 1,President/Vice Pres,,Don Blankenship,2
74,Van Buren,City of Bangor Precinct 1,President/Vice Pres,,Howie Hawkins,4
75,Van Buren,City of Bangor Precinct 1,President/Vice Pres,,Rocky De La Fuente,0
76,Van Buren,City of Bangor Precinct 1,President/Vice Pres,,Total write-in,0
77,Van Buren,City of Gobles Precinct 1,President/Vice Pres,,Joseph R. Biden,156
78,Van Buren,City of Gobles Precinct 1,President/Vice Pres,,Donald J. Trump,253
79,Van Buren,City of Gobles Precinct 1,President/Vice Pres,,Jo Jorgensen,9
80,Van Buren,City of Gobles Precinct 1,President/Vice Pres,,Don Blankenship,1
81,Van Buren,City of Gobles Precinct 1,President/Vice Pres,,Howie Hawkins,0
82,Van Buren,City of Gobles Precinct 1,President/Vice Pres,,Rocky De La Fuente,0
83,Van Buren,City of Gobles Precinct 1,President/Vice Pres,,Total write-in,0
84,Van Buren,City of Hartford Precinct 1,President/Vice Pres,,Joseph R. Biden,379
85,Van Buren,City of Hartford Precinct 1,President/Vice Pres,,Donald J. Trump,501
86,Van Buren,City of Hartford Precinct 1,President/Vice Pres,,Jo Jorgensen,7
87,Van Buren,City of Hartford Precinct 1,President/Vice Pres,,Don Blankenship,0
88,Van Buren,City of Hartford Precinct 1,President/Vice Pres,,Howie Hawkins,6
89,Van Buren,City of Hartford Precinct 1,President/Vice Pres,,Rocky De La Fuente,0
90,Van Buren,City of Hartford Precinct 1,President/Vice Pres,,Total write-in,1
91,Van Buren,City of South Haven Ward 1 Precinct 1,President/Vice Pres,,Joseph R. Biden,480
92,Van Buren,City of South Haven Ward 1 Precinct 1,President/Vice Pres,,Donald J. Trump,263
93,Van Buren,City of South Haven Ward 1 Precinct 1,President/Vice Pres,,Jo Jorgensen,7
94,Van Buren,City of South Haven Ward 1 Precinct 1,President/Vice Pres,,Don Blankenship,1
95,Van Buren,City of South Haven Ward 1 Precinct 1,President/Vice Pres,,Howie Hawkins,3
96,Van Buren,City of South Haven Ward 1 Precinct 1,President/Vice Pres,,Rocky De La Fuente,0
97,Van Buren,City of South Haven Ward 1 Precinct 1,President/Vice Pres,,Total write-in,5
98,Van Buren,City of South Haven Ward 2 Precinct 1,President/Vice Pres,,Joseph R. Biden,558
99,Van Buren,City of South Haven Ward 2 Precinct 1,President/Vice Pres,,Donald J. Trump,328
100,Van Buren,City of South Haven Ward 2 Precinct 1,President/Vice Pres,,Jo Jorgensen,4
101,Van Buren,City of South Haven Ward 2 Precinct 1,President/Vice Pres,,Don Blankenship,2
102,Van Buren,City of South Haven Ward 2 Precinct 1,President/Vice Pres,,Howie Hawkins,1
103,Van Buren,City of South Haven Ward 2 Precinct 1,President/Vice Pres,,Rocky De La Fuente,2
104,Van Buren,City of South Haven Ward 2 Precinct 1,President/Vice Pres,,Total write-in,2
105,Van Buren,City of South Haven Ward 3 Precinct 1,President/Vice Pres,,Joseph R. Biden,522
106,Van Buren,City of South Haven Ward 3 Precinct 1,President/Vice Pres,,Donald J. Trump,385
107,Van Buren,City of South Haven Ward 3 Precinct 1,President/Vice Pres,,Jo Jorgensen,8
108,Van Buren,City of South Haven Ward 3 Precinct 1,President/Vice Pres,,Don Blankenship,0
109,Van Buren,City of South Haven Ward 3 Precinct 1,President/Vice Pres,,Howie Hawkins,1
110,Van Buren,City of South Haven Ward 3 Precinct 1,President/Vice Pres,,Rocky De La Fuente,0
111,Van Buren,City of South Haven Ward 3 Precinct 1,President/Vice Pres,,Total write-in,1
112,Van Buren,City of South Haven Ward 3 Precinct 2,President/Vice Pres,,Joseph R. Biden,6
113,Van Buren,City of South Haven Ward 3 Precinct 2,President/Vice Pres,,Donald J. Trump,1
114,Van Buren,City of South Haven Ward 3 Precinct 2,President/Vice Pres,,Jo Jorgensen,0
115,Van Buren,City of South Haven Ward 3 Precinct 2,President/Vice Pres,,Don Blankenship,0
116,Van Buren,City of South Haven Ward 3 Precinct 2,President/Vice Pres,,Howie Hawkins,0
117,Van Buren,City of South Haven Ward 3 Precinct 2,President/Vice Pres,,Rocky De La Fuente,0
118,Van Buren,City of South Haven Ward 3 Precinct 2,President/Vice Pres,,Total write-in,0
119,Van Buren,Columbia Township Precinct 1,President/Vice Pres,,Joseph R. Biden,410
120,Van Buren,Columbia Township Precinct 1,President/Vice Pres,,Donald J. Trump,769
121,Van Buren,Columbia Township Precinct 1,President/Vice Pres,,Jo Jorgensen,16
122,Van Buren,Columbia Township Precinct 1,President/Vice Pres,,Don Blankenship,3
123,Van Buren,Columbia Township Precinct 1,President/Vice Pres,,Howie Hawkins,2
124,Van Buren,Columbia Township Precinct 1,President/Vice Pres,,Rocky De La Fuente,0
125,Van Buren,Columbia Township Precinct 1,President/Vice Pres,,Total write-in,1
126,Van Buren,Covert Township Precinct 1,President/Vice Pres,,Joseph R. Biden,629
127,Van Buren,Covert Township Precinct 1,President/Vice Pres,,Donald J. Trump,408
128,Van Buren,Covert Township Precinct 1,President/Vice Pres,,Jo Jorgensen,9
129,Van Buren,Covert Township Precinct 1,President/Vice Pres,,Don Blankenship,1
130,Van Buren,Covert Township Precinct 1,President/Vice Pres,,Howie Hawkins,1
131,Van Buren,Covert Township Precinct 1,President/Vice Pres,,Rocky De La Fuente,0
132,Van Buren,Covert Township Precinct 1,President/Vice Pres,,Total write-in,5
133,Van Buren,Decatur Township Precinct 1,President/Vice Pres,,Joseph R. Biden,661
134,Van Buren,Decatur Township Precinct 1,President/Vice Pres,,Donald J. Trump,924
135,Van Buren,Decatur Township Precinct 1,President/Vice Pres,,Jo Jorgensen,29
136,Van Buren,Decatur Township Precinct 1,President/Vice Pres,,Don Blankenship,4
137,Van Buren,Decatur Township Precinct 1,President/Vice Pres,,Howie Hawkins,2
138,Van Buren,Decatur Township Precinct 1,President/Vice Pres,,Rocky De La Fuente,3
139,Van Buren,Decatur Township Precinct 1,President/Vice Pres,,Total write-in,2
140,Van Buren,Geneva Township Precinct 1,President/Vice Pres,,Joseph R. Biden,744
141,Van Buren,Geneva Township Precinct 1,President/Vice Pres,,Donald J. Trump,910
142,Van Buren,Geneva Township Precinct 1,President/Vice Pres,,Jo Jorgensen,25
143,Van Buren,Geneva Township Precinct 1,President/Vice Pres,,Don Blankenship,1
144,Van Buren,Geneva Township Precinct 1,President/Vice Pres,,Howie Hawkins,4
145,Van Buren,Geneva Township Precinct 1,President/Vice Pres,,Rocky De La Fuente,0
146,Van Buren,Geneva Township Precinct 1,President/Vice Pres,,Total write-in,4
147,Van Buren,Hamilton Township Precinct 1,President/Vice Pres,,Joseph R. Biden,247
148,Van Buren,Hamilton Township Precinct 1,President/Vice Pres,,Donald J. Trump,438
149,Van Buren,Hamilton Township Precinct 1,President/Vice Pres,,Jo Jorgensen,9
150,Van Buren,Hamilton Township Precinct 1,President/Vice Pres,,Don Blankenship,0
151,Van Buren,Hamilton Township Precinct 1,President/Vice Pres,,Howie Hawkins,1
152,Van Buren,Hamilton Township Precinct 1,President/Vice Pres,,Rocky De La Fuente,0
153,Van Buren,Hamilton Township Precinct 1,President/Vice Pres,,Total write-in,4
154,Van Buren,Hartford Township Precinct 1,President/Vice Pres,,Joseph R. Biden,350
155,Van Buren,Hartford Township Precinct 1,President/Vice Pres,,Donald J. Trump,818
156,Van Buren,Hartford Township Precinct 1,President/Vice Pres,,Jo Jorgensen,17
157,Van Buren,Hartford Township Precinct 1,President/Vice Pres,,Don Blankenship,4
158,Van Buren,Hartford Township Precinct 1,President/Vice Pres,,Howie Hawkins,4
159,Van Buren,Hartford Township Precinct 1,President/Vice Pres,,Rocky De La Fuente,0
160,Van Buren,Hartford Township Precinct 1,President/Vice Pres,,Total write-in,2
161,Van Buren,Keeler Township Precinct 1,President/Vice Pres,,Joseph R. Biden,344
162,Van Buren,Keeler Township Precinct 1,President/Vice Pres,,Donald J. Trump,706
163,Van Buren,Keeler Township Precinct 1,President/Vice Pres,,Jo Jorgensen,17
164,Van Buren,Keeler Township Precinct 1,President/Vice Pres,,Don Blankenship,3
165,Van Buren,Keeler Township Precinct 1,President/Vice Pres,,Howie Hawkins,2
166,Van Buren,Keeler Township Precinct 1,President/Vice Pres,,Rocky De La Fuente,0
167,Van Buren,Keeler Township Precinct 1,President/Vice Pres,,Total write-in,1
168,Van Buren,Lawrence Township Precinct 1,President/Vice Pres,,Joseph R. Biden,598
169,Van Buren,Lawrence Township Precinct 1,President/Vice Pres,,Donald J. Trump,913
170,Van Buren,Lawrence Township Precinct 1,President/Vice Pres,,Jo Jorgensen,19
171,Van Buren,Lawrence Township Precinct 1,President/Vice Pres,,Don Blankenship,2
172,Van Buren,Lawrence Township Precinct 1,President/Vice Pres,,Howie Hawkins,5
173,Van Buren,Lawrence Township Precinct 1,President/Vice Pres,,Rocky De La Fuente,4
174,Van Buren,Lawrence Township Precinct 1,President/Vice Pres,,Total write-in,4
175,Van Buren,Paw Paw Township Precinct 1,President/Vice Pres,,Joseph R. Biden,725
176,Van Buren,Paw Paw Township Precinct 1,President/Vice Pres,,Donald J. Trump,704
177,Van Buren,Paw Paw Township Precinct 1,President/Vice Pres,,Jo Jorgensen,17
178,Van Buren,Paw Paw Township Precinct 1,President/Vice Pres,,Don Blankenship,5
179,Van Buren,Paw Paw Township Precinct 1,President/Vice Pres,,Howie Hawkins,4
180,Van Buren,Paw Paw Township Precinct 1,President/Vice Pres,,Rocky De La Fuente,0
181,Van Buren,Paw Paw Township Precinct 1,President/Vice Pres,,Total write-in,4
182,Van Buren,Paw Paw Township Precinct 2,President/Vice Pres,,Joseph R. Biden,544
183,Van Buren,Paw Paw Township Precinct 2,President/Vice Pres,,Donald J. Trump,656
184,Van Buren,Paw Paw Township Precinct 2,President/Vice Pres,,Jo Jorgensen,6
185,Van Buren,Paw Paw Township Precinct 2,President/Vice Pres,,Don Blankenship,2
186,Van Buren,Paw Paw Township Precinct 2,President/Vice Pres,,Howie Hawkins,7
187,Van Buren,Paw Paw Township Precinct 2,President/Vice Pres,,Rocky De La Fuente,0
188,Van Buren,Paw Paw Township Precinct 2,President/Vice Pres,,Total write-in,3
189,Van Buren,Paw Paw Township Precinct 3,President/Vice Pres,,Joseph R. Biden,360
190,Van Buren,Paw Paw Township Precinct 3,President/Vice Pres,,Donald J. Trump,433
191,Van Buren,Paw Paw Township Precinct 3,President/Vice Pres,,Jo Jorgensen,9
192,Van Buren,Paw Paw Township Precinct 3,President/Vice Pres,,Don Blankenship,1
193,Van Buren,Paw Paw Township Precinct 3,President/Vice Pres,,Howie Hawkins,3
194,Van Buren,Paw Paw Township Precinct 3,President/Vice Pres,,Rocky De La Fuente,0
195,Van Buren,Paw Paw Township Precinct 3,President/Vice Pres,,Total write-in,0
196,Van Buren,Pine Grove Township Precinct 1,President/Vice Pres,,Joseph R. Biden,627
197,Van Buren,Pine Grove Township Precinct 1,President/Vice Pres,,Donald J. Trump,"1,109"
198,Van Buren,Pine Grove Township Precinct 1,President/Vice Pres,,Jo Jorgensen,10
199,Van Buren,Pine Grove Township Precinct 1,President/Vice Pres,,Don Blankenship,1
200,Van Buren,Pine Grove Township Precinct 1,President/Vice Pres,,Howie Hawkins,7
201,Van Buren,Pine Grove Township Precinct 1,President/Vice Pres,,Rocky De La Fuente,2
202,Van Buren,Pine Grove Township Precinct 1,President/Vice Pres,,Total write-in,4
203,Van Buren,Porter Township Precinct 1,President/Vice Pres,,Joseph R. Biden,626
204,Van Buren,Porter Township Precinct 1,President/Vice Pres,,Donald J. Trump,906
205,Van Buren,Porter Township Precinct 1,President/Vice Pres,,Jo Jorgensen,15
206,Van Buren,Porter Township Precinct 1,President/Vice Pres,,Don Blankenship,3
207,Van Buren,Porter Township Precinct 1,President/Vice Pres,,Howie Hawkins,1
208,Van Buren,Porter Township Precinct 1,President/Vice Pres,,Rocky De La Fuente,0
209,Van Buren,Porter Township Precinct 1,President/Vice Pres,,Total write-in,2
210,Van Buren,South Haven Township Precinct 1,President/Vice Pres,,Joseph R. Biden,644
211,Van Buren,South Haven Township Precinct 1,President/Vice Pres,,Donald J. Trump,724
212,Van Buren,South Haven Township Precinct 1,President/Vice Pres,,Jo Jorgensen,20
213,Van Buren,South Haven Township Precinct 1,President/Vice Pres,,Don Blankenship,3
214,Van Buren,South Haven Township Precinct 1,President/Vice Pres,,Howie Hawkins,4
215,Van Buren,South Haven Township Precinct 1,President/Vice Pres,,Rocky De La Fuente,0
216,Van Buren,South Haven Township Precinct 1,President/Vice Pres,,Total write-in,0
217,Van Buren,South Haven Township Precinct 2,President/Vice Pres,,Joseph R. Biden,365
218,Van Buren,South Haven Township Precinct 2,President/Vice Pres,,Donald J. Trump,369
219,Van Buren,South Haven Township Precinct 2,President/Vice Pres,,Jo Jorgensen,9
220,Van Buren,South Haven Township Precinct 2,President/Vice Pres,,Don Blankenship,0
221,Van Buren,South Haven Township Precinct 2,President/Vice Pres,,Howie Hawkins,0
222,Van Buren,South Haven Township Precinct 2,President/Vice Pres,,Rocky De La Fuente,0
223,Van Buren,South Haven Township Precinct 2,President/Vice Pres,,Total write-in,2
224,Van Buren,Waverly Township Precinct 1,President/Vice Pres,,Joseph R. Biden,499
225,Van Buren,Waverly Township Precinct 1,President/Vice Pres,,Donald J. Trump,800
226,Van Buren,Waverly Township Precinct 1,President/Vice Pres,,Jo Jorgensen,23
227,Van Buren,Waverly Township Precinct 1,President/Vice Pres,,Don Blankenship,2
228,Van Buren,Waverly Township Precinct 1,President/Vice Pres,,Howie Hawkins,4
229,Van Buren,Waverly Township Precinct 1,President/Vice Pres,,Rocky De La Fuente,1
230,Van Buren,Waverly Township Precinct 1,President/Vice Pres,,Total write-in,1
231,Van Buren,Total,President/Vice Pres,,Joseph R. Biden,"16,800"
232,Van Buren,Total,President/Vice Pres,,Donald J. Trump,"21,591"
233,Van Buren,Total,President/Vice Pres,,Jo Jorgensen,504
234,Van Buren,Total,President/Vice Pres,,Don Blankenship,60
235,Van Buren,Total,President/Vice Pres,,Howie Hawkins,91
236,Van Buren,Total,President/Vice Pres,,Rocky De La Fuente,14
237,Van Buren,Total,President/Vice Pres,,Total write-in,83
238,Van Buren,Almena Township Precinct 1,United States Senator,,Gary Peters,821
239,Van Buren,Almena Township Precinct 1,United States Senator,,John James,"1,108"
240,Van Buren,Almena Township Precinct 1,United States Senator,,Valerie L. Willis,25
241,Van Buren,Almena Township Precinct 1,United States Senator,,Marcia Squier,17
242,Van Buren,Almena Township Precinct 1,United States Senator,,Doug Dern,5
243,Van Buren,Almena Township Precinct 1,United States Senator,,Total write-in,1
244,Van Buren,Almena Township Precinct 2,United States Senator,,Gary Peters,586
245,Van Buren,Almena Township Precinct 2,United States Senator,,John James,756
246,Van Buren,Almena Township Precinct 2,United States Senator,,Valerie L. Willis,10
247,Van Buren,Almena Township Precinct 2,United States Senator,,Marcia Squier,7
248,Van Buren,Almena Township Precinct 2,United States Senator,,Doug Dern,5
249,Van Buren,Almena Township Precinct 2,United States Senator,,Total write-in,1
250,Van Buren,Antwerp Township Precinct 1,United States Senator,,Gary Peters,506
251,Van Buren,Antwerp Township Precinct 1,United States Senator,,John James,625
252,Van Buren,Antwerp Township Precinct 1,United States Senator,,Valerie L. Willis,23
253,Van Buren,Antwerp Township Precinct 1,United States Senator,,Marcia Squier,11
254,Van Buren,Antwerp Township Precinct 1,United States Senator,,Doug Dern,4
255,Van Buren,Antwerp Township Precinct 1,United States Senator,,Total write-in,2
256,Van Buren,Antwerp Township Precinct 2,United States Senator,,Gary Peters,840
257,Van Buren,Antwerp Township Precinct 2,United States Senator,,John James,"1,124"
258,Van Buren,Antwerp Township Precinct 2,United States Senator,,Valerie L. Willis,20
259,Van Buren,Antwerp Township Precinct 2,United States Senator,,Marcia Squier,8
260,Van Buren,Antwerp Township Precinct 2,United States Senator,,Doug Dern,3
261,Van Buren,Antwerp Township Precinct 2,United States Senator,,Total write-in,2
262,Van Buren,Antwerp Township Precinct 3,United States Senator,,Gary Peters,452
263,Van Buren,Antwerp Township Precinct 3,United States Senator,,John James,699
264,Van Buren,Antwerp Township Precinct 3,United States Senator,,Valerie L. Willis,11
265,Van Buren,Antwerp Township Precinct 3,United States Senator,,Marcia Squier,6
266,Van Buren,Antwerp Township Precinct 3,United States Senator,,Doug Dern,3
267,Van Buren,Antwerp Township Precinct 3,United States Senator,,Total write-in,0
268,Van Buren,Antwerp Township Precinct 4,United States Senator,,Gary Peters,579
269,Van Buren,Antwerp Township Precinct 4,United States Senator,,John James,691
270,Van Buren,Antwerp Township Precinct 4,United States Senator,,Valerie L. Willis,18
271,Van Buren,Antwerp Township Precinct 4,United States Senator,,Marcia Squier,15
272,Van Buren,Antwerp Township Precinct 4,United States Senator,,Doug Dern,3
273,Van Buren,Antwerp Township Precinct 4,United States Senator,,Total write-in,2
274,Van Buren,Antwerp Township Precinct 5,United States Senator,,Gary Peters,674
275,Van Buren,Antwerp Township Precinct 5,United States Senator,,John James,"1,057"
276,Van Buren,Antwerp Township Precinct 5,United States Senator,,Valerie L. Willis,13
277,Van Buren,Antwerp Township Precinct 5,United States Senator,,Marcia Squier,12
278,Van Buren,Antwerp Township Precinct 5,United States Senator,,Doug Dern,3
279,Van Buren,Antwerp Township Precinct 5,United States Senator,,Total write-in,1
280,Van Buren,Arlington Township Precinct 1,United States Senator,,Gary Peters,350
281,Van Buren,Arlington Township Precinct 1,United States Senator,,John James,584
282,Van Buren,Arlington Township Precinct 1,United States Senator,,Valerie L. Willis,7
283,Van Buren,Arlington Township Precinct 1,United States Senator,,Marcia Squier,10
284,Van Buren,Arlington Township Precinct 1,United States Senator,,Doug Dern,2
285,Van Buren,Arlington Township Precinct 1,United States Senator,,Total write-in,1
286,Van Buren,Bangor Township Precinct 1,United States Senator,,Gary Peters,252
287,Van Buren,Bangor Township Precinct 1,United States Senator,,John James,556
288,Van Buren,Bangor Township Precinct 1,United States Senator,,Valerie L. Willis,16
289,Van Buren,Bangor Township Precinct 1,United States Senator,,Marcia Squier,7
290,Van Buren,Bangor Township Precinct 1,United States Senator,,Doug Dern,1
291,Van Buren,Bangor Township Precinct 1,United States Senator,,Total write-in,1
292,Van Buren,Bloomingdale Township Precinct 1,United States Senator,,Gary Peters,521
293,Van Buren,Bloomingdale Township Precinct 1,United States Senator,,John James,909
294,Van Buren,Bloomingdale Township Precinct 1,United States Senator,,Valerie L. Willis,27
295,Van Buren,Bloomingdale Township Precinct 1,United States Senator,,Marcia Squier,23
296,Van Buren,Bloomingdale Township Precinct 1,United States Senator,,Doug Dern,8
297,Van Buren,Bloomingdale Township Precinct 1,United States Senator,,Total write-in,2
298,Van Buren,City of Bangor Precinct 1,United States Senator,,Gary Peters,335
299,Van Buren,City of Bangor Precinct 1,United States Senator,,John James,344
300,Van Buren,City of Bangor Precinct 1,United States Senator,,Valerie L. Willis,16
301,Van Buren,City of Bangor Precinct 1,United States Senator,,Marcia Squier,13
302,Van Buren,City of Bangor Precinct 1,United States Senator,,Doug Dern,8
303,Van Buren,City of Bangor Precinct 1,United States Senator,,Total write-in,1
304,Van Buren,City of Gobles Precinct 1,United States Senator,,Gary Peters,144
305,Van Buren,City of Gobles Precinct 1,United States Senator,,John James,256
306,Van Buren,City of Gobles Precinct 1,United States Senator,,Valerie L. Willis,5
307,Van Buren,City of Gobles Precinct 1,United States Senator,,Marcia Squier,6
308,Van Buren,City of Gobles Precinct 1,United States Senator,,Doug Dern,2
309,Van Buren,City of Gobles Precinct 1,United States Senator,,Total write-in,1
310,Van Buren,City of Hartford Precinct 1,United States Senator,,Gary Peters,374
311,Van Buren,City of Hartford Precinct 1,United States Senator,,John James,482
312,Van Buren,City of Hartford Precinct 1,United States Senator,,Valerie L. Willis,14
313,Van Buren,City of Hartford Precinct 1,United States Senator,,Marcia Squier,10
314,Van Buren,City of Hartford Precinct 1,United States Senator,,Doug Dern,2
315,Van Buren,City of Hartford Precinct 1,United States Senator,,Total write-in,0
316,Van Buren,City of South Haven Ward 1 Precinct 1,United States Senator,,Gary Peters,445
317,Van Buren,City of South Haven Ward 1 Precinct 1,United States Senator,,John James,300
318,Van Buren,City of South Haven Ward 1 Precinct 1,United States Senator,,Valerie L. Willis,4
319,Van Buren,City of South Haven Ward 1 Precinct 1,United States Senator,,Marcia Squier,5
320,Van Buren,City of South Haven Ward 1 Precinct 1,United States Senator,,Doug Dern,0
321,Van Buren,City of South Haven Ward 1 Precinct 1,United States Senator,,Total write-in,1
322,Van Buren,City of South Haven Ward 2 Precinct 1,United States Senator,,Gary Peters,532
323,Van Buren,City of South Haven Ward 2 Precinct 1,United States Senator,,John James,322
324,Van Buren,City of South Haven Ward 2 Precinct 1,United States Senator,,Valerie L. Willis,11
325,Van Buren,City of South Haven Ward 2 Precinct 1,United States Senator,,Marcia Squier,9
326,Van Buren,City of South Haven Ward 2 Precinct 1,United States Senator,,Doug Dern,5
327,Van Buren,City of South Haven Ward 2 Precinct 1,United States Senator,,Total write-in,2
328,Van Buren,City of South Haven Ward 3 Precinct 1,United States Senator,,Gary Peters,466
329,Van Buren,City of South Haven Ward 3 Precinct 1,United States Senator,,John James,424
330,Van Buren,City of South Haven Ward 3 Precinct 1,United States Senator,,Valerie L. Willis,10
331,Van Buren,City of South Haven Ward 3 Precinct 1,United States Senator,,Marcia Squier,8
332,Van Buren,City of South Haven Ward 3 Precinct 1,United States Senator,,Doug Dern,2
333,Van Buren,City of South Haven Ward 3 Precinct 1,United States Senator,,Total write-in,0
334,Van Buren,City of South Haven Ward 3 Precinct 2,United States Senator,,Gary Peters,6
335,Van Buren,City of South Haven Ward 3 Precinct 2,United States Senator,,John James,2
336,Van Buren,City of South Haven Ward 3 Precinct 2,United States Senator,,Valerie L. Willis,0
337,Van Buren,City of South Haven Ward 3 Precinct 2,United States Senator,,Marcia Squier,0
338,Van Buren,City of South Haven Ward 3 Precinct 2,United States Senator,,Doug Dern,0
339,Van Buren,City of South Haven Ward 3 Precinct 2,United States Senator,,Total write-in,0
340,Van Buren,Columbia Township Precinct 1,United States Senator,,Gary Peters,409
341,Van Buren,Columbia Township Precinct 1,United States Senator,,John James,752
342,Van Buren,Columbia Township Precinct 1,United States Senator,,Valerie L. Willis,14
343,Van Buren,Columbia Township Precinct 1,United States Senator,,Marcia Squier,10
344,Van Buren,Columbia Township Precinct 1,United States Senator,,Doug Dern,5
345,Van Buren,Columbia Township Precinct 1,United States Senator,,Total write-in,2
346,Van Buren,Covert Township Precinct 1,United States Senator,,Gary Peters,584
347,Van Buren,Covert Township Precinct 1,United States Senator,,John James,410
348,Van Buren,Covert Township Precinct 1,United States Senator,,Valerie L. Willis,17
349,Van Buren,Covert Township Precinct 1,United States Senator,,Marcia Squier,13
350,Van Buren,Covert Township Precinct 1,United States Senator,,Doug Dern,5
351,Van Buren,Covert Township Precinct 1,United States Senator,,Total write-in,4
352,Van Buren,Decatur Township Precinct 1,United States Senator,,Gary Peters,639
353,Van Buren,Decatur Township Precinct 1,United States Senator,,John James,923
354,Van Buren,Decatur Township Precinct 1,United States Senator,,Valerie L. Willis,19
355,Van Buren,Decatur Township Precinct 1,United States Senator,,Marcia Squier,12
356,Van Buren,Decatur Township Precinct 1,United States Senator,,Doug Dern,4
357,Van Buren,Decatur Township Precinct 1,United States Senator,,Total write-in,1
358,Van Buren,Geneva Township Precinct 1,United States Senator,,Gary Peters,702
359,Van Buren,Geneva Township Precinct 1,United States Senator,,John James,912
360,Van Buren,Geneva Township Precinct 1,United States Senator,,Valerie L. Willis,31
361,Van Buren,Geneva Township Precinct 1,United States Senator,,Marcia Squier,14
362,Van Buren,Geneva Township Precinct 1,United States Senator,,Doug Dern,4
363,Van Buren,Geneva Township Precinct 1,United States Senator,,Total write-in,3
364,Van Buren,Hamilton Township Precinct 1,United States Senator,,Gary Peters,247
365,Van Buren,Hamilton Township Precinct 1,United States Senator,,John James,429
366,Van Buren,Hamilton Township Precinct 1,United States Senator,,Valerie L. Willis,9
367,Van Buren,Hamilton Township Precinct 1,United States Senator,,Marcia Squier,5
368,Van Buren,Hamilton Township Precinct 1,United States Senator,,Doug Dern,2
369,Van Buren,Hamilton Township Precinct 1,United States Senator,,Total write-in,2
370,Van Buren,Hartford Township Precinct 1,United States Senator,,Gary Peters,358
371,Van Buren,Hartford Township Precinct 1,United States Senator,,John James,807
372,Van Buren,Hartford Township Precinct 1,United States Senator,,Valerie L. Willis,12
373,Van Buren,Hartford Township Precinct 1,United States Senator,,Marcia Squier,8
374,Van Buren,Hartford Township Precinct 1,United States Senator,,Doug Dern,4
375,Van Buren,Hartford Township Precinct 1,United States Senator,,Total write-in,0
376,Van Buren,Keeler Township Precinct 1,United States Senator,,Gary Peters,334
377,Van Buren,Keeler Township Precinct 1,United States Senator,,John James,709
378,Van Buren,Keeler Township Precinct 1,United States Senator,,Valerie L. Willis,9
379,Van Buren,Keeler Township Precinct 1,United States Senator,,Marcia Squier,8
380,Van Buren,Keeler Township Precinct 1,United States Senator,,Doug Dern,3
381,Van Buren,Keeler Township Precinct 1,United States Senator,,Total write-in,1
382,Van Buren,Lawrence Township Precinct 1,United States Senator,,Gary Peters,565
383,Van Buren,Lawrence Township Precinct 1,United States Senator,,John James,918
384,Van Buren,Lawrence Township Precinct 1,United States Senator,,Valerie L. Willis,13
385,Van Buren,Lawrence Township Precinct 1,United States Senator,,Marcia Squier,18
386,Van Buren,Lawrence Township Precinct 1,United States Senator,,Doug Dern,7
387,Van Buren,Lawrence Township Precinct 1,United States Senator,,Total write-in,6
388,Van Buren,Paw Paw Township Precinct 1,United States Senator,,Gary Peters,689
389,Van Buren,Paw Paw Township Precinct 1,United States Senator,,John James,711
390,Van Buren,Paw Paw Township Precinct 1,United States Senator,,Valerie L. Willis,17
391,Van Buren,Paw Paw Township Precinct 1,United States Senator,,Marcia Squier,19
392,Van Buren,Paw Paw Township Precinct 1,United States Senator,,Doug Dern,8
393,Van Buren,Paw Paw Township Precinct 1,United States Senator,,Total write-in,1
394,Van Buren,Paw Paw Township Precinct 2,United States Senator,,Gary Peters,512
395,Van Buren,Paw Paw Township Precinct 2,United States Senator,,John James,665
396,Van Buren,Paw Paw Township Precinct 2,United States Senator,,Valerie L. Willis,18
397,Van Buren,Paw Paw Township Precinct 2,United States Senator,,Marcia Squier,13
398,Van Buren,Paw Paw Township Precinct 2,United States Senator,,Doug Dern,4
399,Van Buren,Paw Paw Township Precinct 2,United States Senator,,Total write-in,0
400,Van Buren,Paw Paw Township Precinct 3,United States Senator,,Gary Peters,358
401,Van Buren,Paw Paw Township Precinct 3,United States Senator,,John James,428
402,Van Buren,Paw Paw Township Precinct 3,United States Senator,,Valerie L. Willis,9
403,Van Buren,Paw Paw Township Precinct 3,United States Senator,,Marcia Squier,3
404,Van Buren,Paw Paw Township Precinct 3,United States Senator,,Doug Dern,1
405,Van Buren,Paw Paw Township Precinct 3,United States Senator,,Total write-in,1
406,Van Buren,Pine Grove Township Precinct 1,United States Senator,,Gary Peters,617
407,Van Buren,Pine Grove Township Precinct 1,United States Senator,,John James,"1,097"
408,Van Buren,Pine Grove Township Precinct 1,United States Senator,,Valerie L. Willis,20
409,Van Buren,Pine Grove Township Precinct 1,United States Senator,,Marcia Squier,12
410,Van Buren,Pine Grove Township Precinct 1,United States Senator,,Doug Dern,6
411,Van Buren,Pine Grove Township Precinct 1,United States Senator,,Total write-in,0
412,Van Buren,Porter Township Precinct 1,United States Senator,,Gary Peters,608
413,Van Buren,Porter Township Precinct 1,United States Senator,,John James,917
414,Van Buren,Porter Township Precinct 1,United States Senator,,Valerie L. Willis,9
415,Van Buren,Porter Township Precinct 1,United States Senator,,Marcia Squier,5
416,Van Buren,Porter Township Precinct 1,United States Senator,,Doug Dern,1
417,Van Buren,Porter Township Precinct 1,United States Senator,,Total write-in,0
418,Van Buren,South Haven Township Precinct 1,United States Senator,,Gary Peters,618
419,Van Buren,South Haven Township Precinct 1,United States Senator,,John James,728
420,Van Buren,South Haven Township Precinct 1,United States Senator,,Valerie L. Willis,17
421,Van Buren,South Haven Township Precinct 1,United States Senator,,Marcia Squier,15
422,Van Buren,South Haven Township Precinct 1,United States Senator,,Doug Dern,3
423,Van Buren,South Haven Township Precinct 1,United States Senator,,Total write-in,1
424,Van Buren,South Haven Township Precinct 2,United States Senator,,Gary Peters,341
425,Van Buren,South Haven Township Precinct 2,United States Senator,,John James,374
426,Van Buren,South Haven Township Precinct 2,United States Senator,,Valerie L. Willis,14
427,Van Buren,South Haven Township Precinct 2,United States Senator,,Marcia Squier,7
428,Van Buren,South Haven Township Precinct 2,United States Senator,,Doug Dern,2
429,Van Buren,South Haven Township Precinct 2,United States Senator,,Total write-in,1
430,Van Buren,Waverly Township Precinct 1,United States Senator,,Gary Peters,477
431,Van Buren,Waverly Township Precinct 1,United States Senator,,John James,797
432,Van Buren,Waverly Township Precinct 1,United States Senator,,Valerie L. Willis,19
433,Van Buren,Waverly Township Precinct 1,United States Senator,,Marcia Squier,7
434,Van Buren,Waverly Township Precinct 1,United States Senator,,Doug Dern,11
435,Van Buren,Waverly Township Precinct 1,United States Senator,,Total write-in,0
436,Van Buren,Total,United States Senator,,Gary Peters,"15,941"
437,Van Buren,Total,United States Senator,,John James,"21,816"
438,Van Buren,Total,United States Senator,,Valerie L. Willis,477
439,Van Buren,Total,United States Senator,,Marcia Squier,336
440,Van Buren,Total,United States Senator,,Doug Dern,126
441,Van Buren,Total,United States Senator,,Total write-in,41
442,Van Buren,Almena Township Precinct 1,Congress ,6,Jon Hoadley,691
443,Van Buren,Almena Township Precinct 1,Congress ,6,Fred Upton,"1,201"
444,Van Buren,Almena Township Precinct 1,Congress ,6,Jeff DePoy,53
445,Van Buren,Almena Township Precinct 1,Congress ,6,John Lawrence,23
446,Van Buren,Almena Township Precinct 1,Congress ,6,Total write-in,1
447,Van Buren,Almena Township Precinct 2,Congress ,6,Jon Hoadley,478
448,Van Buren,Almena Township Precinct 2,Congress ,6,Fred Upton,836
449,Van Buren,Almena Township Precinct 2,Congress ,6,Jeff DePoy,35
450,Van Buren,Almena Township Precinct 2,Congress ,6,John Lawrence,12
451,Van Buren,Almena Township Precinct 2,Congress ,6,Total write-in,1
452,Van Buren,Antwerp Township Precinct 1,Congress ,6,Jon Hoadley,429
453,Van Buren,Antwerp Township Precinct 1,Congress ,6,Fred Upton,687
454,Van Buren,Antwerp Township Precinct 1,Congress ,6,Jeff DePoy,31
455,Van Buren,Antwerp Township Precinct 1,Congress ,6,John Lawrence,14
456,Van Buren,Antwerp Township Precinct 1,Congress ,6,Total write-in,5
457,Van Buren,Antwerp Township Precinct 2,Congress ,6,Jon Hoadley,726
458,Van Buren,Antwerp Township Precinct 2,Congress ,6,Fred Upton,"1,182"
459,Van Buren,Antwerp Township Precinct 2,Congress ,6,Jeff DePoy,49
460,Van Buren,Antwerp Township Precinct 2,Congress ,6,John Lawrence,23
461,Van Buren,Antwerp Township Precinct 2,Congress ,6,Total write-in,4
462,Van Buren,Antwerp Township Precinct 3,Congress ,6,Jon Hoadley,400
463,Van Buren,Antwerp Township Precinct 3,Congress ,6,Fred Upton,726
464,Van Buren,Antwerp Township Precinct 3,Congress ,6,Jeff DePoy,28
465,Van Buren,Antwerp Township Precinct 3,Congress ,6,John Lawrence,10
466,Van Buren,Antwerp Township Precinct 3,Congress ,6,Total write-in,0
467,Van Buren,Antwerp Township Precinct 4,Congress ,6,Jon Hoadley,506
468,Van Buren,Antwerp Township Precinct 4,Congress ,6,Fred Upton,735
469,Van Buren,Antwerp Township Precinct 4,Congress ,6,Jeff DePoy,43
470,Van Buren,Antwerp Township Precinct 4,Congress ,6,John Lawrence,24
471,Van Buren,Antwerp Township Precinct 4,Congress ,6,Total write-in,5
472,Van Buren,Antwerp Township Precinct 5,Congress ,6,Jon Hoadley,585
473,Van Buren,Antwerp Township Precinct 5,Congress ,6,Fred Upton,"1,078"
474,Van Buren,Antwerp Township Precinct 5,Congress ,6,Jeff DePoy,56
475,Van Buren,Antwerp Township Precinct 5,Congress ,6,John Lawrence,20
476,Van Buren,Antwerp Township Precinct 5,Congress ,6,Total write-in,3
477,Van Buren,Arlington Township Precinct 1,Congress ,6,Jon Hoadley,295
478,Van Buren,Arlington Township Precinct 1,Congress ,6,Fred Upton,610
479,Van Buren,Arlington Township Precinct 1,Congress ,6,Jeff DePoy,29
480,Van Buren,Arlington Township Precinct 1,Congress ,6,John Lawrence,15
481,Van Buren,Arlington Township Precinct 1,Congress ,6,Total write-in,3
482,Van Buren,Bangor Township Precinct 1,Congress ,6,Jon Hoadley,193
483,Van Buren,Bangor Township Precinct 1,Congress ,6,Fred Upton,599
484,Van Buren,Bangor Township Precinct 1,Congress ,6,Jeff DePoy,25
485,Van Buren,Bangor Township Precinct 1,Congress ,6,John Lawrence,15
486,Van Buren,Bangor Township Precinct 1,Congress ,6,Total write-in,1
487,Van Buren,Bloomingdale Township Precinct 1,Congress ,6,Jon Hoadley,424
488,Van Buren,Bloomingdale Township Precinct 1,Congress ,6,Fred Upton,979
489,Van Buren,Bloomingdale Township Precinct 1,Congress ,6,Jeff DePoy,46
490,Van Buren,Bloomingdale Township Precinct 1,Congress ,6,John Lawrence,31
491,Van Buren,Bloomingdale Township Precinct 1,Congress ,6,Total write-in,4
492,Van Buren,City of Bangor Precinct 1,Congress ,6,Jon Hoadley,309
493,Van Buren,City of Bangor Precinct 1,Congress ,6,Fred Upton,371
494,Van Buren,City of Bangor Precinct 1,Congress ,6,Jeff DePoy,23
495,Van Buren,City of Bangor Precinct 1,Congress ,6,John Lawrence,13
496,Van Buren,City of Bangor Precinct 1,Congress ,6,Total write-in,0
497,Van Buren,City of Gobles Precinct 1,Congress ,6,Jon Hoadley,118
498,Van Buren,City of Gobles Precinct 1,Congress ,6,Fred Upton,268
499,Van Buren,City of Gobles Precinct 1,Congress ,6,Jeff DePoy,12
500,Van Buren,City of Gobles Precinct 1,Congress ,6,John Lawrence,7
501,Van Buren,City of Gobles Precinct 1,Congress ,6,Total write-in,6
502,Van Buren,City of Hartford Precinct 1,Congress ,6,Jon Hoadley,319
503,Van Buren,City of Hartford Precinct 1,Congress ,6,Fred Upton,513
504,Van Buren,City of Hartford Precinct 1,Congress ,6,Jeff DePoy,33
505,Van Buren,City of Hartford Precinct 1,Congress ,6,John Lawrence,13
506,Van Buren,City of Hartford Precinct 1,Congress ,6,Total write-in,1
507,Van Buren,City of South Haven Ward 1 Precinct 1,Congress ,6,Jon Hoadley,410
508,Van Buren,City of South Haven Ward 1 Precinct 1,Congress ,6,Fred Upton,334
509,Van Buren,City of South Haven Ward 1 Precinct 1,Congress ,6,Jeff DePoy,5
510,Van Buren,City of South Haven Ward 1 Precinct 1,Congress ,6,John Lawrence,6
511,Van Buren,City of South Haven Ward 1 Precinct 1,Congress ,6,Total write-in,1
512,Van Buren,City of South Haven Ward 2 Precinct 1,Congress ,6,Jon Hoadley,484
513,Van Buren,City of South Haven Ward 2 Precinct 1,Congress ,6,Fred Upton,370
514,Van Buren,City of South Haven Ward 2 Precinct 1,Congress ,6,Jeff DePoy,17
515,Van Buren,City of South Haven Ward 2 Precinct 1,Congress ,6,John Lawrence,9
516,Van Buren,City of South Haven Ward 2 Precinct 1,Congress ,6,Total write-in,1
517,Van Buren,City of South Haven Ward 3 Precinct 1,Congress ,6,Jon Hoadley,413
518,Van Buren,City of South Haven Ward 3 Precinct 1,Congress ,6,Fred Upton,469
519,Van Buren,City of South Haven Ward 3 Precinct 1,Congress ,6,Jeff DePoy,12
520,Van Buren,City of South Haven Ward 3 Precinct 1,Congress ,6,John Lawrence,11
521,Van Buren,City of South Haven Ward 3 Precinct 1,Congress ,6,Total write-in,0
522,Van Buren,City of South Haven Ward 3 Precinct 2,Congress ,6,Jon Hoadley,5
523,Van Buren,City of South Haven Ward 3 Precinct 2,Congress ,6,Fred Upton,3
524,Van Buren,City of South Haven Ward 3 Precinct 2,Congress ,6,Jeff DePoy,0
525,Van Buren,City of South Haven Ward 3 Precinct 2,Congress ,6,John Lawrence,0
526,Van Buren,City of South Haven Ward 3 Precinct 2,Congress ,6,Total write-in,0
527,Van Buren,Columbia Township Precinct 1,Congress ,6,Jon Hoadley,329
528,Van Buren,Columbia Township Precinct 1,Congress ,6,Fred Upton,796
529,Van Buren,Columbia Township Precinct 1,Congress ,6,Jeff DePoy,43
530,Van Buren,Columbia Township Precinct 1,Congress ,6,John Lawrence,18
531,Van Buren,Columbia Township Precinct 1,Congress ,6,Total write-in,2
532,Van Buren,Covert Township Precinct 1,Congress ,6,Jon Hoadley,546
533,Van Buren,Covert Township Precinct 1,Congress ,6,Fred Upton,444
534,Van Buren,Covert Township Precinct 1,Congress ,6,Jeff DePoy,22
535,Van Buren,Covert Township Precinct 1,Congress ,6,John Lawrence,17
536,Van Buren,Covert Township Precinct 1,Congress ,6,Total write-in,8
537,Van Buren,Decatur Township Precinct 1,Congress ,6,Jon Hoadley,570
538,Van Buren,Decatur Township Precinct 1,Congress ,6,Fred Upton,953
539,Van Buren,Decatur Township Precinct 1,Congress ,6,Jeff DePoy,49
540,Van Buren,Decatur Township Precinct 1,Congress ,6,John Lawrence,18
541,Van Buren,Decatur Township Precinct 1,Congress ,6,Total write-in,3
542,Van Buren,Geneva Township Precinct 1,Congress ,6,Jon Hoadley,610
543,Van Buren,Geneva Township Precinct 1,Congress ,6,Fred Upton,965
544,Van Buren,Geneva Township Precinct 1,Congress ,6,Jeff DePoy,63
545,Van Buren,Geneva Township Precinct 1,Congress ,6,John Lawrence,26
546,Van Buren,Geneva Township Precinct 1,Congress ,6,Total write-in,3
547,Van Buren,Hamilton Township Precinct 1,Congress ,6,Jon Hoadley,203
548,Van Buren,Hamilton Township Precinct 1,Congress ,6,Fred Upton,465
549,Van Buren,Hamilton Township Precinct 1,Congress ,6,Jeff DePoy,17
550,Van Buren,Hamilton Township Precinct 1,Congress ,6,John Lawrence,5
551,Van Buren,Hamilton Township Precinct 1,Congress ,6,Total write-in,1
552,Van Buren,Hartford Township Precinct 1,Congress ,6,Jon Hoadley,304
553,Van Buren,Hartford Township Precinct 1,Congress ,6,Fred Upton,830
554,Van Buren,Hartford Township Precinct 1,Congress ,6,Jeff DePoy,31
555,Van Buren,Hartford Township Precinct 1,Congress ,6,John Lawrence,15
556,Van Buren,Hartford Township Precinct 1,Congress ,6,Total write-in,2
557,Van Buren,Keeler Township Precinct 1,Congress ,6,Jon Hoadley,289
558,Van Buren,Keeler Township Precinct 1,Congress ,6,Fred Upton,722
559,Van Buren,Keeler Township Precinct 1,Congress ,6,Jeff DePoy,31
560,Van Buren,Keeler Township Precinct 1,Congress ,6,John Lawrence,10
561,Van Buren,Keeler Township Precinct 1,Congress ,6,Total write-in,6
562,Van Buren,Lawrence Township Precinct 1,Congress ,6,Jon Hoadley,470
563,Van Buren,Lawrence Township Precinct 1,Congress ,6,Fred Upton,982
564,Van Buren,Lawrence Township Precinct 1,Congress ,6,Jeff DePoy,36
565,Van Buren,Lawrence Township Precinct 1,Congress ,6,John Lawrence,28
566,Van Buren,Lawrence Township Precinct 1,Congress ,6,Total write-in,7
567,Van Buren,Paw Paw Township Precinct 1,Congress ,6,Jon Hoadley,608
568,Van Buren,Paw Paw Township Precinct 1,Congress ,6,Fred Upton,767
569,Van Buren,Paw Paw Township Precinct 1,Congress ,6,Jeff DePoy,33
570,Van Buren,Paw Paw Township Precinct 1,Congress ,6,John Lawrence,28
571,Van Buren,Paw Paw Township Precinct 1,Congress ,6,Total write-in,3
572,Van Buren,Paw Paw Township Precinct 2,Congress ,6,Jon Hoadley,459
573,Van Buren,Paw Paw Township Precinct 2,Congress ,6,Fred Upton,701
574,Van Buren,Paw Paw Township Precinct 2,Congress ,6,Jeff DePoy,27
575,Van Buren,Paw Paw Township Precinct 2,Congress ,6,John Lawrence,19
576,Van Buren,Paw Paw Township Precinct 2,Congress ,6,Total write-in,0
577,Van Buren,Paw Paw Township Precinct 3,Congress ,6,Jon Hoadley,294
578,Van Buren,Paw Paw Township Precinct 3,Congress ,6,Fred Upton,485
579,Van Buren,Paw Paw Township Precinct 3,Congress ,6,Jeff DePoy,12
580,Van Buren,Paw Paw Township Precinct 3,Congress ,6,John Lawrence,7
581,Van Buren,Paw Paw Township Precinct 3,Congress ,6,Total write-in,0
582,Van Buren,Pine Grove Township Precinct 1,Congress ,6,Jon Hoadley,488
583,Van Buren,Pine Grove Township Precinct 1,Congress ,6,Fred Upton,"1,162"
584,Van Buren,Pine Grove Township Precinct 1,Congress ,6,Jeff DePoy,42
585,Van Buren,Pine Grove Township Precinct 1,Congress ,6,John Lawrence,35
586,Van Buren,Pine Grove Township Precinct 1,Congress ,6,Total write-in,3
587,Van Buren,Porter Township Precinct 1,Congress ,6,Jon Hoadley,533
588,Van Buren,Porter Township Precinct 1,Congress ,6,Fred Upton,951
589,Van Buren,Porter Township Precinct 1,Congress ,6,Jeff DePoy,32
590,Van Buren,Porter Township Precinct 1,Congress ,6,John Lawrence,20
591,Van Buren,Porter Township Precinct 1,Congress ,6,Total write-in,1
592,Van Buren,South Haven Township Precinct 1,Congress ,6,Jon Hoadley,531
593,Van Buren,South Haven Township Precinct 1,Congress ,6,Fred Upton,806
594,Van Buren,South Haven Township Precinct 1,Congress ,6,Jeff DePoy,25
595,Van Buren,South Haven Township Precinct 1,Congress ,6,John Lawrence,16
596,Van Buren,South Haven Township Precinct 1,Congress ,6,Total write-in,4
597,Van Buren,South Haven Township Precinct 2,Congress ,6,Jon Hoadley,296
598,Van Buren,South Haven Township Precinct 2,Congress ,6,Fred Upton,412
599,Van Buren,South Haven Township Precinct 2,Congress ,6,Jeff DePoy,16
600,Van Buren,South Haven Township Precinct 2,Congress ,6,John Lawrence,8
601,Van Buren,South Haven Township Precinct 2,Congress ,6,Total write-in,1
602,Van Buren,Waverly Township Precinct 1,Congress ,6,Jon Hoadley,411
603,Van Buren,Waverly Township Precinct 1,Congress ,6,Fred Upton,835
604,Van Buren,Waverly Township Precinct 1,Congress ,6,Jeff DePoy,44
605,Van Buren,Waverly Township Precinct 1,Congress ,6,John Lawrence,17
606,Van Buren,Waverly Township Precinct 1,Congress ,6,Total write-in,1
607,Van Buren,Total,Congress ,6,Jon Hoadley,"13,726"
608,Van Buren,Total,Congress ,6,Fred Upton,"23,237"
609,Van Buren,Total,Congress ,6,Jeff DePoy,"1,020"
610,Van Buren,Total,Congress ,6,John Lawrence,533
611,Van Buren,Total,Congress ,6,Total write-in,81
612,Van Buren,Almena Township Precinct 1,State Legislature ,66,Abigail Wheeler,791
613,Van Buren,Almena Township Precinct 1,State Legislature ,66,Beth Griffin,"1,154"
614,Van Buren,Almena Township Precinct 1,State Legislature ,66,Total write-in,6
615,Van Buren,Almena Township Precinct 2,State Legislature ,66,Abigail Wheeler,541
616,Van Buren,Almena Township Precinct 2,State Legislature ,66,Beth Griffin,809
617,Van Buren,Almena Township Precinct 2,State Legislature ,66,Total write-in,4
618,Van Buren,Antwerp Township Precinct 1,State Legislature ,66,Abigail Wheeler,487
619,Van Buren,Antwerp Township Precinct 1,State Legislature ,66,Beth Griffin,669
620,Van Buren,Antwerp Township Precinct 1,State Legislature ,66,Total write-in,3
621,Van Buren,Antwerp Township Precinct 2,State Legislature ,66,Abigail Wheeler,852
622,Van Buren,Antwerp Township Precinct 2,State Legislature ,66,Beth Griffin,"1,102"
623,Van Buren,Antwerp Township Precinct 2,State Legislature ,66,Total write-in,6
624,Van Buren,Antwerp Township Precinct 3,State Legislature ,66,Abigail Wheeler,450
625,Van Buren,Antwerp Township Precinct 3,State Legislature ,66,Beth Griffin,703
626,Van Buren,Antwerp Township Precinct 3,State Legislature ,66,Total write-in,2
627,Van Buren,Antwerp Township Precinct 4,State Legislature ,66,Abigail Wheeler,596
628,Van Buren,Antwerp Township Precinct 4,State Legislature ,66,Beth Griffin,704
629,Van Buren,Antwerp Township Precinct 4,State Legislature ,66,Total write-in,3
630,Van Buren,Antwerp Township Precinct 5,State Legislature ,66,Abigail Wheeler,661
631,Van Buren,Antwerp Township Precinct 5,State Legislature ,66,Beth Griffin,"1,054"
632,Van Buren,Antwerp Township Precinct 5,State Legislature ,66,Total write-in,4
633,Van Buren,Arlington Township Precinct 1,State Legislature ,66,Abigail Wheeler,326
634,Van Buren,Arlington Township Precinct 1,State Legislature ,66,Beth Griffin,612
635,Van Buren,Arlington Township Precinct 1,State Legislature ,66,Total write-in,2
636,Van Buren,Bangor Township Precinct 1,State Legislature ,66,Abigail Wheeler,235
637,Van Buren,Bangor Township Precinct 1,State Legislature ,66,Beth Griffin,591
638,Van Buren,Bangor Township Precinct 1,State Legislature ,66,Total write-in,4
639,Van Buren,Bloomingdale Township Precinct 1,State Legislature ,66,Abigail Wheeler,485
640,Van Buren,Bloomingdale Township Precinct 1,State Legislature ,66,Beth Griffin,968
641,Van Buren,Bloomingdale Township Precinct 1,State Legislature ,66,Total write-in,6
642,Van Buren,City of Bangor Precinct 1,State Legislature ,66,Abigail Wheeler,350
643,Van Buren,City of Bangor Precinct 1,State Legislature ,66,Beth Griffin,357
644,Van Buren,City of Bangor Precinct 1,State Legislature ,66,Total write-in,1
645,Van Buren,City of Gobles Precinct 1,State Legislature ,66,Abigail Wheeler,143
646,Van Buren,City of Gobles Precinct 1,State Legislature ,66,Beth Griffin,265
647,Van Buren,City of Gobles Precinct 1,State Legislature ,66,Total write-in,0
648,Van Buren,City of Hartford Precinct 1,State Legislature ,66,Abigail Wheeler,344
649,Van Buren,City of Hartford Precinct 1,State Legislature ,66,Beth Griffin,528
650,Van Buren,City of Hartford Precinct 1,State Legislature ,66,Total write-in,3
651,Van Buren,City of South Haven Ward 1 Precinct 1,State Legislature ,66,Abigail Wheeler,451
652,Van Buren,City of South Haven Ward 1 Precinct 1,State Legislature ,66,Beth Griffin,299
653,Van Buren,City of South Haven Ward 1 Precinct 1,State Legislature ,66,Total write-in,1
654,Van Buren,City of South Haven Ward 2 Precinct 1,State Legislature ,66,Abigail Wheeler,510
655,Van Buren,City of South Haven Ward 2 Precinct 1,State Legislature ,66,Beth Griffin,371
656,Van Buren,City of South Haven Ward 2 Precinct 1,State Legislature ,66,Total write-in,1
657,Van Buren,City of South Haven Ward 3 Precinct 1,State Legislature ,66,Abigail Wheeler,445
658,Van Buren,City of South Haven Ward 3 Precinct 1,State Legislature ,66,Beth Griffin,459
659,Van Buren,City of South Haven Ward 3 Precinct 1,State Legislature ,66,Total write-in,1
660,Van Buren,Columbia Township Precinct 1,State Legislature ,66,Abigail Wheeler,385
661,Van Buren,Columbia Township Precinct 1,State Legislature ,66,Beth Griffin,782
662,Van Buren,Columbia Township Precinct 1,State Legislature ,66,Total write-in,7
663,Van Buren,Covert Township Precinct 1,State Legislature ,66,Abigail Wheeler,599
664,Van Buren,Covert Township Precinct 1,State Legislature ,66,Beth Griffin,427
665,Van Buren,Covert Township Precinct 1,State Legislature ,66,Total write-in,4
666,Van Buren,Decatur Township Precinct 1,State Legislature ,66,Abigail Wheeler,618
667,Van Buren,Decatur Township Precinct 1,State Legislature ,66,Beth Griffin,962
668,Van Buren,Decatur Township Precinct 1,State Legislature ,66,Total write-in,5
669,Van Buren,Geneva Township Precinct 1,State Legislature ,66,Abigail Wheeler,688
670,Van Buren,Geneva Township Precinct 1,State Legislature ,66,Beth Griffin,971
671,Van Buren,Geneva Township Precinct 1,State Legislature ,66,Total write-in,3
672,Van Buren,Hamilton Township Precinct 1,State Legislature ,66,Abigail Wheeler,228
673,Van Buren,Hamilton Township Precinct 1,State Legislature ,66,Beth Griffin,455
674,Van Buren,Hamilton Township Precinct 1,State Legislature ,66,Total write-in,3
675,Van Buren,Hartford Township Precinct 1,State Legislature ,66,Abigail Wheeler,336
676,Van Buren,Hartford Township Precinct 1,State Legislature ,66,Beth Griffin,838
677,Van Buren,Hartford Township Precinct 1,State Legislature ,66,Total write-in,2
678,Van Buren,Keeler Township Precinct 1,State Legislature ,66,Abigail Wheeler,311
679,Van Buren,Keeler Township Precinct 1,State Legislature ,66,Beth Griffin,737
680,Van Buren,Keeler Township Precinct 1,State Legislature ,66,Total write-in,1
681,Van Buren,Lawrence Township Precinct 1,State Legislature ,66,Abigail Wheeler,529
682,Van Buren,Lawrence Township Precinct 1,State Legislature ,66,Beth Griffin,983
683,Van Buren,Lawrence Township Precinct 1,State Legislature ,66,Total write-in,8
684,Van Buren,Paw Paw Township Precinct 1,State Legislature ,66,Abigail Wheeler,662
685,Van Buren,Paw Paw Township Precinct 1,State Legislature ,66,Beth Griffin,759
686,Van Buren,Paw Paw Township Precinct 1,State Legislature ,66,Total write-in,1
687,Van Buren,Paw Paw Township Precinct 2,State Legislature ,66,Abigail Wheeler,505
688,Van Buren,Paw Paw Township Precinct 2,State Legislature ,66,Beth Griffin,687
689,Van Buren,Paw Paw Township Precinct 2,State Legislature ,66,Total write-in,2
690,Van Buren,Paw Paw Township Precinct 3,State Legislature ,66,Abigail Wheeler,322
691,Van Buren,Paw Paw Township Precinct 3,State Legislature ,66,Beth Griffin,468
692,Van Buren,Paw Paw Township Precinct 3,State Legislature ,66,Total write-in,2
693,Van Buren,Pine Grove Township Precinct 1,State Legislature ,66,Abigail Wheeler,567
694,Van Buren,Pine Grove Township Precinct 1,State Legislature ,66,Beth Griffin,"1,141"
695,Van Buren,Pine Grove Township Precinct 1,State Legislature ,66,Total write-in,4
696,Van Buren,Porter Township Precinct 1,State Legislature ,66,Abigail Wheeler,568
697,Van Buren,Porter Township Precinct 1,State Legislature ,66,Beth Griffin,948
698,Van Buren,Porter Township Precinct 1,State Legislature ,66,Total write-in,2
699,Van Buren,South Haven Township Precinct 1,State Legislature ,66,Abigail Wheeler,587
700,Van Buren,South Haven Township Precinct 1,State Legislature ,66,Beth Griffin,784
701,Van Buren,South Haven Township Precinct 1,State Legislature ,66,Total write-in,4
702,Van Buren,South Haven Township Precinct 2,State Legislature ,66,Abigail Wheeler,321
703,Van Buren,South Haven Township Precinct 2,State Legislature ,66,Beth Griffin,407
704,Van Buren,South Haven Township Precinct 2,State Legislature ,66,Total write-in,4
705,Van Buren,Waverly Township Precinct 1,State Legislature ,66,Abigail Wheeler,465
706,Van Buren,Waverly Township Precinct 1,State Legislature ,66,Beth Griffin,826
707,Van Buren,Waverly Township Precinct 1,State Legislature ,66,Total write-in,1
708,Van Buren,Total,State Legislature ,66,Abigail Wheeler,"15,358"
709,Van Buren,Total,State Legislature ,66,Beth Griffin,"22,820"
710,Van Buren,Total,State Legislature ,66,Total write-in,100
